StockCode,avg_daily_demand,demand_std,safety_stock,reorder_point,recommended_stock_30days,risk_score
M,108.88571428571429,352.8538083739973,1540.3796530974014,2302.579653097401,3266.5714285714284,38420.73896323725
21787,94.1923076923077,269.48484472871854,1176.4333040675237,1835.7794579136776,2825.769230769231,25383.39941310122
21915,67.38888888888889,262.76877307734867,1147.114362695778,1618.8365849180002,2021.6666666666665,17707.695652379105
84212,87.28571428571429,173.76297484956748,758.560470562499,1369.560470562499,2618.571428571429,15167.025376155107
22413,56.148148148148145,269.3972907898301,1176.0510882523288,1569.0881252893657,1684.4444444444443,15126.158993977126
16014,72.77777777777777,161.9566128456768,707.019919273849,1216.4643637182935,2183.333333333333,11786.842379324255
22129,84.33333333333333,134.9234350783189,589.0068611654707,1179.340194498804,2530.0,11378.543024938226
22197,62.05,175.52645149913846,766.2589096475955,1200.6089096475955,1861.5,10891.416315521541
20668,71.52542372881356,136.23956536218097,594.7524143151695,1095.4303804168644,2145.762711864407,9744.592641159385
85172,84.0,114.91446094088131,501.65789139611877,1089.6578913961189,2520.0,9652.81471903403
22492,73.10526315789474,126.1474447200114,550.69536597144,1062.432208076703,2193.157894736842,9222.042142952414
23326,70.375,128.3832849600868,560.4559034281822,1053.0809034281822,2111.25,9034.973679066108
21135,61.095238095238095,144.98065552407493,632.9115530625113,1060.578219729178,1832.857142857143,8857.627668447054
16045,122.22222222222223,66.66666666666667,291.032644217105,1146.5881997726606,3666.666666666667,8148.148148148149
23057,72.5,101.1162697096763,441.4220302046557,948.9220302046557,2175.0,7330.9295539515315
22616,45.981818181818184,139.0268413877789,606.92023899356,928.7929662662873,1379.4545454545455,6392.706943085324
23510,37.642857142857146,149.7944800164086,653.9262541245253,917.4262541245253,1129.2857142857144,5638.692212046239
22152,50.0,111.59390664368732,487.16204593543614,837.1620459354361,1500.0,5579.695332184366
21137,41.15625,132.73594969438324,579.4574163333747,867.5511663333747,1234.6875,5462.91392960946
75049L,61.083333333333336,82.90351273765438,361.91442790388993,789.4977612372234,1832.5,5064.022903058389
23327,58.8,77.78945944020951,339.5890810965512,751.1890810965511,1764.0,4574.020215084319
23507,31.606060606060606,138.1457426492804,603.0738115583365,824.3162358007608,948.1818181818181,4366.242714642408
16008,55.0,75.0679692012512,327.708443589725,712.708443589725,1650.0,4128.738306068816
22476,31.61904761904762,130.31249985725705,568.8778711199795,790.2112044533129,948.5714285714287,4120.357138343747
22030,37.13793103448276,109.02611880316013,475.9523946601788,735.9179119015581,1114.1379310344828,4049.004481069085
23084,30.86946386946387,131.01832191535516,571.9591300187053,788.0453771049524,926.0839160839162,4044.4653546038426
23056,48.666666666666664,82.56108849411649,360.41957840827683,701.0862450749435,1460.0,4017.9729733803356
22560,33.56603773584906,114.2658017071065,498.8261762160989,733.7884403670423,1006.9811320754717,3835.4502120177826
84077,65.75,55.8434311801321,243.78392157764657,704.0339215776465,1972.5,3671.7056000936855
23543,27.607142857142858,131.39404667885643,573.5993525899996,766.8493525899996,828.2142857142858,3627.414217241286
17038,50.5,70.0035713374682,305.5998670647616,659.0998670647616,1515.0,3535.180352542144
22539,50.92307692307692,68.08996688017692,297.2460465868948,653.7075850484332,1527.6923076923076,3467.350621129009
23193,33.95454545454545,101.29846389693571,442.2173970458421,679.8992152276603,1018.6363636363636,3439.5432968641353
22166,48.5,67.17514421272202,293.25239768840765,632.7523976884077,1455.0,3257.994494317018
23177,31.24137931034483,104.01121339699519,454.0598769473562,672.74953211977,937.2413793103449,3249.4537702647463
21167,73.2,44.3813023693537,193.74611673527806,706.146116735278,2196.0,3248.711333436691
21107,40.666666666666664,77.15568676384133,336.8223530290114,621.489019695678,1220.0,3137.6645950628804
90057,45.6,68.305197459637,298.18563345674454,617.3856334567445,1368.0,3114.7170041594472
22128,44.333333333333336,65.75966342168527,287.07313092659854,597.4064642599319,1330.0,2915.3450783613807
22134,31.5,90.18653508762331,393.70838668994594,614.2083866899459,945.0,2840.8758552601344
21564,36.35294117647059,73.3663250208079,320.2799335094591,574.7505217447532,1090.5882352941176,2667.081697815252
84879,28.910526315789475,91.63498670312183,400.03158724513196,602.4052714556583,867.3157894736843,2649.215694527622
72232,44.44444444444444,57.181970740590764,249.62730219268886,560.7384133037999,1333.3333333333333,2541.4209218040337
23582,20.192052980132452,122.04669681351687,532.7935933740171,674.1379642349442,605.7615894039735,2464.373368108695
21495,44.73684210526316,55.01196042201808,240.15414457779968,553.3120393146418,1342.1052631578948,2461.0613873008087
85152,26.0,92.26372930182723,402.77635656062944,584.7763565606294,780.0,2398.856961847508
62018,32.142857142857146,74.04599600119863,323.24703014877025,548.2470301487702,964.2857142857143,2380.049871467099
85175,45.09090909090909,52.492770064942356,229.15664511421,544.7930087505736,1352.7272727272727,2366.94672292831
85099B,26.340425531914892,88.65731094977268,387.0325745233565,571.4155532467607,790.2127659574468,2335.27129693231
21166,32.2037037037037,69.50672008494685,303.4308680577036,528.8567939836296,966.1111111111111,2238.3738190318995
20974,25.105263157894736,87.03823855501807,379.9645307199912,555.7013728252543,753.1578947368421,2185.1178837233483
22319,48.0,45.390612380840295,198.1522491574442,534.1522491574442,1440.0,2178.749394280334
82600,35.11764705882353,60.253386529184354,263.03553606935725,508.85906548112195,1053.5294117647059,2115.957162230768
22100,36.625,57.2835989990653,250.0709593045542,506.4459593045542,1098.75,2098.0118133407664
22188,25.333333333333332,82.68672951626058,360.9680629917279,538.3013963250612,760.0,2094.7304810786013
23086,40.0,51.34978091481988,224.16693779413592,504.16693779413595,1200.0,2053.9912365927953
23440,32.8,62.32736156777375,272.08945266217137,501.68945266217133,983.9999999999999,2044.3374594229788
22944,51.0,38.698837191833036,168.9393737409962,525.9393737409962,1530.0,1973.6406967834848
71459,32.18181818181818,60.417307803733536,263.7511326989895,489.0238599717168,965.4545454545454,1944.3388147746973
23309,26.607142857142858,72.73130589466172,317.50776407829767,503.75776407829767,798.2142857142858,1935.1722461258207
23461,18.945945945945947,101.57261932724289,443.4142197429738,576.0358413645954,568.3783783783784,1924.3893553620885
23167,37.0,51.263174340634244,223.78885768975846,482.78885768975846,1110.0,1896.737450603467
21232,25.933333333333334,69.80647987664442,304.73946632981927,486.27279966315257,778.0,1810.3147114676453
22961,24.589041095890412,73.12524180709087,319.2274872319927,491.35077490322556,737.6712328767123,1798.0795759414812
22693,38.4,46.475800154489,202.88962516600003,471.68962516600004,1152.0,1784.6707259323775
84378,18.958904109589042,89.90294741741174,392.4703876470103,525.1827164141336,568.7671232876712,1704.461359256135
22959,36.191489361702125,46.2599640490623,201.9473948788022,455.28782041071713,1085.7446808510638,1674.216996754361
22345,33.857142857142854,49.316760408028195,215.29180778654816,452.29180778654813,1015.7142857142857,1669.7246023860973
85230B,39.0,42.42640687119285,185.2120406453101,458.21204064531014,1170.0,1654.6298679765214
21563,27.037037037037038,59.775529776941,260.94945735692147,450.2087166161807,811.1111111111111,1616.1532124876642
22544,32.41935483870968,49.83156576143839,217.5391852354495,444.47466910641725,972.5806451612904,1615.5072125885672
23230,41.25,39.131189606246316,170.8268037370014,459.5768037370014,1237.5,1614.1615712576606
21810,33.54651162790697,47.33228147935655,206.62858553648164,441.45416693183046,1006.3953488372092,1587.8329310226004
22998,23.192307692307693,67.63890238715264,295.2769292051353,457.62308305128914,695.7692307692308,1568.7022361328095
21499,36.111111111111114,41.32210473668157,180.3912210919889,433.1689988697667,1083.3333333333335,1492.187115491279
22153,28.03125,52.45119659448722,228.97515655867238,425.1939065586724,840.9375,1470.2726045392199
35923,35.5,40.80441152620633,178.13123673292117,426.63123673292114,1065.0,1448.5566091803248
22071,24.526315789473685,59.04082243202827,257.7421000371863,429.42631056350206,735.7894736842105,1448.0538554381671
21292,36.0,40.0,174.61958653026298,426.61958653026295,1080.0,1440.0
16216,37.833333333333336,37.699369016502445,164.5762057528366,429.40953908616996,1135.0,1426.2927944576759
22344,30.375,46.763653468418035,204.1462458324914,416.7712458324914,911.25,1420.4459741031978
23078,32.92307692307692,42.66794869868771,186.266488996483,416.7280274580214,987.6923076923076,1404.7601571567952
84945,31.44776119402985,44.20896782125653,192.99379204693793,413.1281204051469,943.4328358208955,1390.2730626774255
85178,21.05263157894737,65.067890770769,284.0532045696999,431.4216256223315,631.578947368421,1369.8503320161894
79321,23.63855421686747,57.93574622430565,252.91790127526244,418.38778079333474,709.156626506024,1369.5172782179238
22343,32.61538461538461,41.357261477557685,180.54469748087737,408.85238978856967,978.4615384615383,1348.8829897295736
22045,35.869565217391305,37.557597400920685,163.95730323047124,415.04425975221034,1076.0869565217392,1347.1746893808506
22338,33.03921568627451,40.71901805511215,177.75845241754993,409.0329622214715,991.1764705882352,1345.3244200561564
22546,23.833333333333332,56.05380818253748,244.70232020703415,411.53565354036743,715.0,1335.9490950171432
85204,31.625,39.96404634168067,174.4626312065137,395.8376312065137,948.75,1263.8629655556513
84755,31.076923076923077,40.52941951414856,176.93076194680484,394.4692234852664,932.3076923076923,1259.5296525935398
22161,31.53846153846154,39.62872566000448,172.9987922367801,393.7680230060109,946.1538461538462,1249.8290400462952
84347,21.669354838709676,57.64423010693294,251.64529067819916,403.3307745491669,650.0806451612902,1249.1132765913612
23498,18.453488372093023,67.37300157057925,294.1161419389326,423.29056054358375,553.6046511627907,1243.2669010756892
22646,26.914893617021278,46.04526590745716,201.01013236090455,389.4143876800535,807.4468085106383,1239.303433466666
22346,27.88888888888889,44.39156576548197,193.79092148498597,389.0131437072082,836.6666666666666,1238.0314452373304
84827,35.5,34.64823227814083,151.2564998603366,399.7564998603366,1065.0,1230.0122458739995
22540,29.363636363636363,41.625167212331355,181.714237196759,387.25969174221353,880.9090909090909,1222.266273598457
22147,34.666666666666664,34.53018003621373,150.74114401847956,393.4078106851462,1040.0,1197.046241255409
21643,35.333333333333336,33.605555096342826,146.70470340108392,394.03803673441723,1060.0,1187.39628007078
23310,43.65384615384615,26.84515117818838,117.19222997694142,422.7691530538645,1309.6153846153845,1171.8940995093774
22804,19.256410256410255,60.61427569767355,264.6109940039781,399.40586579884985,577.6923076923076,1167.2133602295598
23076,31.0,37.595131857648,164.12115951333027,381.12115951333027,930.0,1165.449087587088
21987,22.25,52.16448344739295,227.72351327871263,383.47351327871263,667.5,1160.6597567044932
22155,23.275862068965516,49.68752110635608,216.91035978264034,379.84139426539895,698.2758620689655,1156.5198878203569
22065,29.596774193548388,39.02099463379259,170.3457487238118,377.52316807865054,887.9032258064516,1154.8955669840227
23176,18.181818181818183,63.16617265566568,275.7512737957886,403.0240010685159,545.4545454545455,1148.475866466649
23215,19.43243243243243,59.08018258963101,257.9139263983452,393.94095342537224,582.9729729729729,1148.0716562687755
22988,22.88888888888889,50.09138114133473,218.67340659074205,378.8956288129643,686.6666666666666,1146.5360572349948
22295,21.75,52.67067495295651,229.93328706387862,382.18328706387865,652.5,1145.587180226804
16054,45.0,25.45584412271571,111.12722438718605,426.12722438718606,1350.0,1145.512985522207
22489,24.68,45.76311677697289,199.7784132482787,372.5384132482787,740.4,1129.433722055691
22470,13.922222222222222,79.85143899525534,348.5906315299501,446.04618708550566,417.6666666666667,1111.709478456166
79191C,24.444444444444443,45.43707492541501,198.35508091551372,369.4661920266248,733.3333333333333,1110.684053732367
22070,21.0,52.720286147066496,230.14986421894758,377.1498642189476,630.0,1107.1260090883964
23077,31.666666666666668,34.600218803396864,151.04689753264478,372.71356419931146,950.0,1095.6735954409007
21497,31.48148148148148,33.67876570272817,147.02430354649985,367.39467391687026,944.4444444444445,1060.2574387895907
23552,16.796116504854368,62.228761905569186,271.65901685601676,389.23183238999735,503.88349514563106,1045.2015349187834
21326,28.62,36.268212877203126,158.32850842021924,358.66850842021927,858.6,1037.9962525455535
84988,17.642857142857142,58.165290837414865,253.91997591104695,377.41997591104695,529.2857142857142,1026.201916917248
84947,28.574468085106382,35.80972947753716,156.32700387820273,356.3482804739474,857.2340425531914,1023.2439720921789
71477,23.620689655172413,43.29532513405344,189.00529434004287,354.35012192624976,708.6206896551723,1022.6654385112623
21988,21.333333333333332,47.79220896856766,208.63639423648027,357.9697275698136,640.0,1019.5671246627767
22578,24.99468085106383,40.34563204401796,176.12843964571363,351.09120560316046,749.8404255319149,1008.426196674683
23691,32.03125,31.26007901977506,136.46555183341172,360.6843018334117,960.9375,1001.2994061021699
22814,23.3,42.55989243929599,185.7947705130583,348.8947705130583,699.0,991.6454938355967
22741,54.857142857142854,17.430552940861507,76.09289868817739,460.0928986881774,1645.7142857142856,956.1903327558312
22178,26.25,36.10910987676038,157.6339459163933,341.38394591639326,787.5,947.86413426496
21403,33.375,28.025180004519406,122.3436336206343,355.9686336206343,1001.25,935.3403826508352
22792,26.375,35.38976524181769,154.49365434823193,339.1186543482319,791.25,933.4050582529417
21773,22.6,41.28316848305129,180.22124527924004,338.42124527924005,678.0,932.9996077169592
84949,24.209302325581394,38.27566561241084,167.09202258524465,336.5571388643144,726.2790697674418,926.6271605237135
23203,18.0,51.39895205864875,224.38159391425137,350.38159391425137,540.0,925.1811370556776
22438,22.607142857142858,40.267935305359444,175.78925533623112,334.0392553362311,678.2142857142858,910.3429660104474
22922,23.0,39.33736863884735,171.72687617260146,332.72687617260146,690.0,904.7594786934891
85038,20.0,44.09459528483432,192.4944999214263,332.49449992142627,600.0,881.8919056966864
23568,22.76923076923077,37.84431671588625,165.20897343620942,324.59358882082483,683.0769230769231,861.6859806078716
84997C,16.606060606060606,51.61088753471706,225.3067960443049,341.5492202867291,498.1818181818182,857.0535263340893
22095,17.857142857142858,47.934147949896214,209.25602739228324,334.2560273922833,535.7142857142858,855.9669276767181
21174,20.62857142857143,41.12898342180274,179.54815198813088,323.9481519881309,618.8571428571429,848.432172301188
22311,18.894736842105264,44.17502403551142,192.84561080113582,325.10876869587264,566.8421052631579,834.6754541446631
22952,22.81081081081081,36.35414457678164,158.70364236647532,318.379318042151,684.3243243243243,829.2675141298299
22041,20.26086956521739,40.76118629652964,177.9425374395757,319.76862439609744,607.8260869565217,825.8570788775135
21811,27.228571428571428,30.214999892228942,131.90326970482397,322.503269704824,816.8571428571429,822.7112827798337
72807C,21.0,39.15496279031703,170.9305853263248,317.93058532632483,630.0,822.2542185966577
90058A,45.0,18.0,78.57881393861834,393.57881393861834,1350.0,810.0
22299,38.5,20.99247985651804,91.64245381975137,361.1424538197514,1155.0,808.2104744759446
47421,21.333333333333332,37.815340802378074,165.08247938530604,314.41581271863936,640.0,806.7272704507322
10125,28.666666666666668,28.023799409311604,122.3376066465255,323.0042733131922,860.0,803.348916400266
23497,15.014925373134329,53.503001823540025,233.5668014138616,338.67127902580194,450.44776119402985,803.3435796191234
21181,20.430379746835442,39.006141378487555,170.28090699131198,313.2935652191601,612.9113924050632,796.9102808212521
23201,17.645833333333332,45.13861205493157,197.05214433955237,320.5729776728857,529.375,796.5084252193133
16011,34.90909090909091,22.425229298513518,97.89710669881923,342.26074306245556,1047.2727272727273,782.8443682390173
21650,24.416666666666668,31.531970308167416,137.6524904424181,308.5691571090848,732.5,769.9056083577544
21506,19.272727272727273,39.67939698955297,173.21999740214753,308.12908831123843,578.1818181818182,764.73019652593
90214Y,30.0,25.45584412271571,111.12722438718605,321.12722438718606,900.0,763.6753236814714
21199,30.0,25.45584412271571,111.12722438718605,321.12722438718606,900.0,763.6753236814714
23293,18.75257731958763,40.47813991522539,176.70690138776982,307.9749426248832,562.5773195876288,759.0694485133504
22564,15.54054054054054,48.771915071070346,212.91329109998512,321.6970748837689,466.2162162162162,757.9419234017689
16237,21.771428571428572,34.56629241658081,150.89879224168763,303.29879224168764,653.1428571428571,752.5575663267022
84970S,21.774193548387096,34.264373798859324,149.58076963687978,302.0001244755895,653.2258064516129,746.0791069106466
16218,24.5,30.226000580809746,131.95129309711214,303.45129309711217,735.0,740.5370142298387
21819,23.152542372881356,31.859504920348737,139.0823394062544,301.15013601642386,694.5762711864406,737.6285376473962
23194,13.344827586206897,55.25349107397713,241.20854414228654,334.6223372457348,400.3448275862069,737.3483119182465
22469,13.097345132743364,56.177487325212965,245.2422402259444,336.92365615514797,392.9203539823009,735.77594018863
22310,17.166666666666668,42.06020216381046,183.61337778059638,303.78004444726304,515.0,722.0334704787463
22457,12.530434782608696,57.49314554707391,250.9857325938569,338.69877607211777,375.9130434782609,720.4141107246392
22096,15.869565217391305,45.166665451239474,197.17461115115378,308.2615676728929,476.0869565217391,716.7753430305395
22629,17.860759493670887,40.00440173768548,174.63880227062927,299.66411872632546,535.8227848101266,714.5089981249901
22791,21.82758620689655,32.44814374764566,141.65203612221057,294.44513957048645,654.8275862068965,708.264654905507
22577,23.39779005524862,30.1902632497468,131.79528214776448,295.57981253450487,701.9337016574586,706.3854412302636
21703,16.88,41.742475797612734,182.22634661321612,300.3863466132161,506.4,704.6129914637029
23308,13.78,50.88854969240054,222.15343766029306,318.6134376602931,413.4,701.2442147612794
22386,17.481012658227847,39.79945263104264,173.74409906408633,296.11118767168125,524.4303797468355,695.734735233796
22597,24.733333333333334,28.014931083912444,122.29889206366506,295.4322253969984,742.0,692.9026288087678
82578,14.0,49.46716082412654,215.94837924837498,313.948379248375,420.0,692.5402515377715
21500,32.35294117647059,21.221867190679138,92.64384185591362,319.11443009120774,970.5882352941176,686.5898208749132
23374,20.393939393939394,33.54841594056584,146.45526300717225,289.21283876474797,611.8181818181819,684.18436145457
22923,20.454545454545453,33.1884426762198,144.8838034426209,288.0656216244391,613.6363636363636,678.854509286314
23166,25.161290322580644,26.70966962755068,116.60078666807057,292.72981892613507,754.8387096774193,672.0497519190171
22608,43.714285714285715,15.329351290547521,66.92012460331404,372.92012460331404,1311.4285714285716,670.1116421296488
22491,18.0,37.02182308605811,161.61838599710032,287.6183859971003,540.0,666.3928155490461
23302,14.581395348837209,45.49789767939547,198.6206020193062,300.69036946116665,437.44186046511624,663.4228336042083
22924,19.636363636363637,33.41638139377969,145.87886755798456,283.33341301253006,589.0909090909091,656.1762164596739
23225,20.571428571428573,31.86937625459813,139.12543261388265,283.12543261388265,617.1428571428572,655.5985972374473
22915,24.84,26.37498815165611,115.13973814456938,289.0197381445694,745.2,655.1547056871378
85123A,17.17117117117117,37.930007909037094,165.58305745414154,285.7812556523397,515.1351351351351,651.3026583299522
22973,20.333333333333332,31.941352507368876,139.4396442013533,281.7729775346866,610.0,649.4741676498338
22339,20.866666666666667,31.103207612873685,135.78073132812327,281.84739799478996,626.0,649.0202655219642
22219,14.333333333333334,45.267237678231965,197.61365816850017,297.9469915018335,430.0,648.8304067213248
22599,22.96551724137931,27.969987433753612,122.10269102346767,282.86131171312286,688.9655172413793,642.3452286510312
84997D,12.927272727272728,49.51275725823731,216.14743001016691,306.638339101076,387.8181818181818,640.064916556486
23307,15.106666666666667,42.22832830827798,184.34733072639253,290.0939973930592,453.20000000000005,637.9292796437194
23501,18.511627906976745,34.130960733916574,148.99835628092882,278.57975162976606,555.3488372093024,631.8196452138975
21386,20.8,30.094850057775666,131.3787568444762,276.97875684447615,624.0,625.9728812017339
35953,35.93023255813954,17.404700170927022,75.98003868826186,327.4916665952386,1077.906976744186,625.3549247460988
84029E,13.134831460674157,47.19090605076074,206.01141256430813,297.95523278902726,394.0449438202247,619.8445974532506
22712,21.285714285714285,29.080803319253782,126.95194628939987,275.95194628939987,638.5714285714286,619.0056706526876
90058B,42.0,14.696938456699069,64.15933291423781,358.1593329142378,1260.0,617.2714151813609
22356,16.413793103448278,37.27283686300375,162.71418404569147,277.6107357698294,492.4137931034483,611.7886326479236
22545,20.1,30.39901314187683,132.70657764406405,273.4065776440641,603.0,611.0201641517243
84991,16.930555555555557,36.0345399206462,157.30841154378737,275.8223004326763,507.91666666666674,610.0847800453851
47480,17.428571428571427,34.83703557450099,152.08071869898563,274.0807186989856,522.8571428571428,607.1597628698743
21705,22.317073170731707,26.99762862214962,117.85786868243399,274.0773808775559,669.5121951219512,602.5080533967537
82583,16.0,37.55051020061553,163.92636413079765,275.92636413079765,480.0,600.8081632098484
85099C,19.39189189189189,30.969634959463097,135.1976212903656,270.9408645336088,581.7567567567568,600.559813065264
22610,42.54545454545455,14.100290132411526,61.55467082196119,359.372852640143,1276.3636363636365,599.9032529062358
23566,18.77777777777778,31.796328969673723,138.8065454466162,270.25098989106067,563.3333333333334,597.064399541651
21313,19.125,30.936224721190527,135.05176924053976,268.9267692405398,573.75,591.6552977927688
20713,16.170212765957448,36.35472527682952,158.70617740653176,271.8976667682339,485.10638297872345,587.8636427742646
22727,10.94890510948905,53.46512348194343,233.4014439051604,310.04377967158376,328.4671532846715,585.3845636709134
22951,16.044444444444444,36.43110281785678,159.03960277239125,271.35071388350235,481.3333333333333,584.5168052109466
72741,23.97222222222222,24.358613743233896,106.3372765073471,274.14283206290264,719.1666666666666,583.9301016780792
21592,14.590909090909092,39.99191351827451,174.58428507787823,276.72064871424186,437.72727272727275,583.5183745166418
17003,27.91304347826087,20.900639104483037,91.24152396607685,286.63282831390296,837.3913043478261,583.4004480468744
23380,19.26086956521739,29.860611622708163,130.3561913774516,265.1822783339734,577.8260869565217,575.1413456025963
22530,18.13157894736842,31.539054342051795,137.6834157191145,264.6044683506934,543.9473684210526,571.8528537282549
22422,18.029411764705884,31.711278267210602,138.43525748416073,264.64113983710195,540.8823529411766,571.7356934647089
20973,14.361702127659575,39.72725590306655,173.42892499438574,273.96083988800274,430.8510638297872,570.5510156291473
22759,17.78125,31.976538148077942,139.5932467521638,264.0619967521638,533.4375,568.5828189455109
22570,20.5,27.577164466275352,120.38782641945156,263.8878264194516,615.0,565.3318715586447
21891,14.597222222222221,38.654722839635994,168.74679299247876,270.9273485480343,437.91666666666663,564.2515792285753
22417,14.717948717948717,38.28490751000886,167.13236799367766,270.1580090193187,441.5384615384615,563.4753054037201
23204,17.528301886792452,31.70816673107377,138.42167410531854,261.1197873128657,525.8490566037735,555.79031873901
21977,17.817073170731707,30.974751983893523,135.21995960762325,259.9394718027452,534.5121951219512,551.879422542298
23186,28.0,19.611613513818405,85.6142960743572,281.6142960743572,840.0,549.1251783869153
22609,37.44827586206897,14.654560984057762,63.97433449546725,326.11226552995004,1123.448275862069,548.788042368508
16219,28.555555555555557,19.079511990032078,83.2914123724649,283.1803012613538,856.6666666666667,544.8260646042494
22464,16.844444444444445,31.58678920886472,137.89180178676324,255.80291289787436,505.33333333333337,532.0619160070991
21108,22.594594594594593,23.531918818023595,102.72834835667487,260.890510518837,677.8378378378378,531.6941657261547
51014C,20.22222222222222,26.205303828003004,114.39898298364506,255.9545385392006,606.6666666666666,529.9294774107274
21245,16.125,32.67781029558569,142.65464306323858,255.52964306323858,483.75,526.9296910163192
20992,17.0625,30.676434779707545,133.91765893637776,253.35515893637776,511.875,523.41666842876
22189,10.933333333333334,47.811371792987416,208.72004934840353,285.25338268173687,328.0,522.7376649366624
84826,20.6,25.274493071078595,110.33553824584352,254.53553824584355,618.0,520.6545572642191
21175,15.044943820224718,34.14771059554743,149.0714776287393,254.38608437031235,451.34831460674155,513.7503874993034
21671,18.85,26.925384227332277,117.54248652363067,249.4924865236307,565.5,507.54349268521344
72598,19.083333333333332,26.5105753626851,115.73164271278621,249.3149760461195,572.5,505.91014650457396
85199L,20.714285714285715,24.26049110326146,105.908923136816,250.908923136816,621.4285714285714,502.5387442818446
21197,24.0,20.784609690826528,90.73499876012563,258.7349987601256,720.0,498.8306325798367
22393,20.076923076923077,24.713227020030992,107.88533710165838,248.4237986401199,602.3076923076923,496.1655578636991
17091J,20.466666666666665,23.76031104494175,103.72539226245422,246.99205892912087,614.0,486.2943660531411
22584,14.666666666666666,32.81857436771761,143.2691471650884,245.93581383175507,440.0,481.3390907265249
21242,16.333333333333332,29.3157255531205,127.97749687301418,242.3108302063475,489.99999999999994,478.8235173676348
84992,13.887323943661972,34.29725074187004,149.72429359175254,246.93556119738633,416.61971830985914,476.2970314293501
84946,19.51127819548872,24.38815427227704,106.46623538153207,243.0451827499531,585.3383458646616,475.84406268089407
22165,13.066666666666666,36.366127620290264,158.75595421904654,250.2226208857132,392.0,475.18406757179275
22154,22.90909090909091,20.556013302079375,89.73706358799217,250.10069995162854,687.2727272727273,470.9195774658184
85194S,22.428571428571427,20.7593925959403,90.62491379306245,247.62491379306243,672.8571428571428,465.6035196518039
51014A,21.125,21.910292043601274,95.64915343527413,243.52415343527412,633.75,462.8549194210769
82551,12.757575757575758,36.22760541271523,158.15123695374626,247.45426725677657,382.72727272727275,462.1764205682761
22585,15.613636363636363,29.501451213095383,128.78828032183603,238.08373486729056,468.4090909090909,460.62493144083015
22097,11.633333333333333,39.56180963516704,172.70667102204607,254.1400043553794,349.0,460.23571875577653
20893,16.0,28.6705423736629,125.160956372185,237.160956372185,480.0,458.7286779786064
21588,12.725,35.95509129099229,156.96157937227335,246.03657937227337,381.75,457.5285366778769
72799E,13.470588235294118,33.959751263552455,148.25094310780264,242.54506075486148,404.11764705882354,457.45782584432425
23205,14.319148936170214,31.84480462914854,139.01816543697308,239.25220799016458,429.5744680851064,455.99050032802063
22811,15.857142857142858,28.54520224886437,124.61378535298573,235.61378535298573,475.7142857142857,452.6453499462779
84661C,16.666666666666668,27.135462651912412,118.45958171460846,235.12624838127513,500.00000000000006,452.2577108652069
72225C,32.0,13.856406460551018,60.48999917341708,284.48999917341706,960.0,443.40500673763256
37340,20.75,21.21825359718103,92.62806675085041,237.8780667508504,622.5,440.2787621415064
22064,19.7,22.291408581597622,97.31291374239332,235.2129137423933,591.0,439.14074905747316
22151,21.048780487804876,20.656658998386206,90.1764313348709,237.51789474950502,631.4634146341463,434.7974808684706
21731,16.4375,26.112294315406587,113.99295091782085,229.05545091782085,493.125,429.2208378094958
23483,21.857142857142858,19.610492818168254,85.60940368908079,238.6094036890808,655.7142857142858,428.62934302567754
23217,14.304347826086957,29.889850485663793,130.4838333314498,230.61426811405852,429.1304347826087,427.5548178166691
85099F,13.545454545454545,31.510620303624485,137.55928721827544,232.37746903645726,406.3636363636364,426.8256750218226
20724,14.322916666666666,29.568295535542678,129.08008852052708,229.34050518719374,429.6875,423.5042329309498
21648,19.75,21.26617031813674,92.83724670087973,231.08724670087975,592.5,420.00686378320063
22686,15.0,27.924899283614256,121.90585917009896,226.90585917009895,450.0,418.87348925421384
90087,18.75,22.20172665957913,96.9214082388406,228.1714082388406,562.5,416.2823748671087
22758,13.536585365853659,30.562311398989124,133.4194544975156,228.17555205849123,406.0975609756098,413.70933723021864
17021,28.8,14.324803663575986,62.53478232152088,264.1347823215209,864.0,412.5543455109884
22644,16.318181818181817,25.243716903993434,110.20118520655859,224.4284579338313,489.5454545454545,411.93156220607466
22027,16.8,24.47433560790315,106.84245911137351,224.44245911137352,504.0,411.1688382127729
47593B,16.05263157894737,25.522264102392654,111.41718012189946,223.78560117453105,481.5789473684211,409.69950269630317
84804B,24.0,16.97056274847714,74.08481625812402,242.08481625812402,720.0,407.29350596345137
84849D,14.333333333333334,28.260691192302193,123.37175527648134,223.70508860981468,430.0,405.0699070896648
22543,18.714285714285715,21.51522163271301,93.92447764028289,224.92447764028287,561.4285714285714,402.6420048407721
22421,15.428571428571429,25.626127540040315,111.87059488534062,219.8705948853406,462.8571428571429,395.37453918919346
21112,15.25,25.863423336183992,112.90650723054009,219.6565072305401,457.5,394.4172058768059
21080,13.414285714285715,29.26861744042082,127.77184689396817,221.67184689396817,402.42857142857144,392.6175968079307
16169E,28.431818181818183,13.794838480763717,60.221224794068036,259.2439520667953,852.9545454545455,392.212339532623
22742,13.090909090909092,29.90128057603186,130.53373127280167,222.1700949091653,392.72727272727275,391.4349457225989
22594,15.916666666666666,24.58614592465788,107.33056589341173,218.74723256007837,477.5,391.3294893008046
21354,17.0,22.82104292095346,99.62502697615695,218.62502697615696,510.0,387.9577296562088
22266,17.0,22.651510084118215,98.88493312937013,217.88493312937013,510.0,385.07567143000966
23144,15.805555555555555,24.07229521307424,105.08735592353632,215.7262448124252,474.1666666666667,380.47599933997896
22037,16.424242424242426,23.16116132536091,101.109810354881,216.079507324578,492.72727272727275,380.4045284347156
23372,13.64102564102564,27.74649070222753,121.12701835221893,216.6141978393984,409.2307692307692,378.49059111756526
22086,15.119113573407203,24.928334955558302,108.8243885706873,214.6581835845377,453.5734072022161,376.89432738902275
23530,14.538461538461538,25.87389536846861,112.95222277923187,214.72145354846265,436.15384615384613,376.166632664659
20832,16.555555555555557,22.59486175611123,98.63763543901486,214.52652432790376,496.66666666666674,374.070489073397
21417,14.7,25.416748633747613,110.95655343421586,213.85655343421587,441.0,373.6262049160899
23376,17.804347826086957,20.958816299503383,91.49549590957542,216.1259306921841,534.1304347826087,373.15805541941893
22046,31.818181818181817,11.677484162422843,50.97793640389928,273.705209131172,954.5454545454545,371.5563142589086
22818,22.11764705882353,16.69209041291537,72.86914815572621,227.6926775674909,663.5294117647059,369.1897644268341
16156S,28.333333333333332,12.909944487358057,56.3582292127778,254.69156254611113,850.0,365.78176047514495
22029,16.477272727272727,22.19416289945649,96.88838872220987,212.22929781311896,494.3181818181818,365.6992750478626
22440,18.41176470588235,19.824413054140503,86.54327026797907,215.42562320915553,552.3529411764705,365.0024285850575
22574,16.593220338983052,21.956947407383698,95.85282694360177,212.00536931648313,497.79661016949154,364.3364663021804
23290,11.615384615384615,31.344952909112717,136.83606791999566,218.14376022768795,348.46153846153845,364.08368379046306
21439,14.23076923076923,25.34808949458797,110.65682267192635,210.27220728731095,426.9230769230769,360.72281203836724
35599B,15.25,23.608412544200064,103.06228092760222,209.81228092760222,457.5,360.028291299051
22775,17.25,20.805448004469085,90.8259682029319,211.5759682029319,517.5,358.89397807709173
21803,20.53846153846154,17.40026524996762,75.96067808665623,219.729908855887,616.1538461538462,357.37467859548883
84987,13.148148148148149,27.165735918196805,118.591739345646,210.62877638268304,394.44444444444446,357.17912040592097
22024,16.88888888888889,21.008596124232366,91.71280921986852,209.93503144209075,506.6666666666667,354.81184565370216
15036,22.0,16.08672150239607,70.22641643439732,224.22641643439732,660.0,353.90787305271357
21287,18.80952380952381,18.765977319657637,81.92268000987272,213.5893466765394,564.2857142857143,352.9790972030841
23202,12.581967213114755,28.044486549946956,122.42791614513146,210.50168663693475,377.45901639344265,352.85481028007035
21818,16.491803278688526,21.33668433381007,93.14507490741634,208.58769785823603,494.75409836065575,351.880400652671
22938,18.36842105263158,19.131737814763863,83.51940367048657,212.0983510389076,551.0526315789474,351.41981565013623
23251,15.578947368421053,22.549490729587276,98.43956869171322,207.4922002706606,467.3684210526316,351.2973292609386
23090,15.72340425531915,22.217993224900415,96.99241976160737,207.0562495488414,471.7021276595745,349.3424892170512
22631,16.142857142857142,21.559883381608802,94.11944804343042,207.11944804343042,484.2857142857143,348.03811744597067
22217,16.925925925925927,20.471229202742684,89.36693947872932,207.84842096021083,507.7777777777778,346.49450909827436
72802A,27.0,12.727922061357855,55.56361219359302,244.56361219359303,810.0,343.6538956566621
23681,13.309090909090909,25.805463277100603,112.6534831917298,205.81711955536616,399.27272727272725,343.44725670613894
20971,12.674698795180722,26.857850028248293,117.24766667561323,205.97055824187828,380.2409638554217,340.41515939418315
22181,16.714285714285715,20.352839979671025,88.85011254916901,205.850112549169,501.42857142857144,340.1831825173586
22185,16.107142857142858,21.043762664741,91.86632838895144,204.61632838895144,483.2142857142857,338.9548914927925
22909,12.813664596273291,26.448583366823286,115.46101729564683,205.15666946955986,384.4099378881987,338.9032763090462
23211,13.875,24.3185984540481,106.16259017603429,203.28759017603429,416.25,337.4205535499174
21400,18.4,18.22909761891685,79.57893722587654,208.37893722587654,552.0,335.41539618807
22754,12.711864406779661,26.26460240642345,114.65785031478532,203.64090116224295,381.35593220338984,333.8720644884337
23325,15.0,22.045407685048602,96.23899937135673,201.23899937135673,450.0,330.68111527572904
23334,15.636363636363637,21.066588151944217,91.96597281739591,201.42051827194138,469.0909090909091,329.40483292130955
23228,15.0,21.951967768035942,95.8310883795024,200.8310883795024,450.0,329.2795165205391
21498,28.40909090909091,11.552344334352673,50.431639777997255,249.29527614163362,852.2727272727273,328.1916004077464
21934,14.421052631578947,22.706621132939482,99.1255198433306,200.0728882643832,432.6315789473684,327.45337844344306
23022,19.333333333333332,16.848343143070974,73.55126783407613,208.88460116740944,580.0,325.73463409937216
22708,30.357142857142858,10.645382840658002,46.472308752301416,258.9723087523014,910.7142857142858,323.1634076628322
20868,14.0625,22.950580965776588,100.19052397183077,198.62802397183077,421.875,322.74254483123326
22216,24.285714285714285,13.288018233409698,58.00870624311492,228.00870624311491,728.5714285714286,322.7090142399498
23221,13.615384615384615,23.41908284488414,102.23576408229108,197.5434563899834,408.46153846153845,318.8598202726533
22538,14.0,22.73030282830976,99.22890203967793,197.22890203967793,420.0,318.22423959633664
23545,27.63157894736842,11.470786693528087,50.07560074001792,243.4966533715969,828.9473684210526,316.9559481106445
22411,13.20754716981132,23.972093688935207,104.64992720566481,197.10275739434405,396.2264150943396,316.612558155748
22094,12.658536585365853,25.0006097486617,109.13990343289419,197.74965953045518,379.7560975609756,316.4711331598883
35598D,16.666666666666668,18.94905450587619,82.72190157388792,199.3885682405546,500.00000000000006,315.8175750979365
22043,28.363636363636363,11.092995332846105,48.42635646009309,246.97181100554764,850.9090909090909,314.63768580436226
22993,14.81904761904762,21.16727379360601,92.40551494530882,196.13884827864217,444.5714285714286,313.6788383128662
22598,14.058823529411764,22.28920867885201,97.30331008969718,195.71507479557954,421.7647058823529,313.36005142621354
22477,16.2,19.29248558377069,84.22114639447743,197.62114639447742,486.0,312.5382664570852
22647,19.714285714285715,15.670718827527617,68.410361057372,206.410361057372,591.4285714285714,308.9370283141159
22175,11.310344827586206,27.04111082919574,118.04768980782941,197.22010360093287,339.31034482758616,305.8442879991794
22866,12.682926829268293,24.09815208086306,105.2002338125926,193.98072161747064,380.4878048780488,305.63509956216564
47566,11.273972602739725,27.02224406441879,117.96532714121655,196.88313536039465,338.2191780821918,304.6480392468036
22466,13.8125,22.04312122972577,96.2290178742794,192.9165178742794,414.375,304.4706119855872
21790,13.52,22.484512193743587,98.15590556515403,192.79590556515404,405.59999999999997,303.9906048594133
23344,13.34841628959276,22.532014793672555,98.36327767412175,191.80219170127106,400.4524886877828,300.7667133092038
21212,15.938144329896907,18.76489099410435,81.91793766689892,193.48494797617727,478.1443298969072,299.07754099881777
22059,16.676470588235293,17.847367326838675,77.91249758165736,194.64779169930443,500.2941176470588,297.63109630345673
20711,13.058823529411764,22.689398923933876,99.05033646793817,190.4621011738205,391.7647058823529,296.29685653607766
23401,10.055555555555555,29.2765158289877,127.80632722761328,198.19521611650217,301.6666666666667,294.3916313914874
22910,12.96,22.708878719363558,99.1353753135288,189.85537531352878,388.8,294.3070682029517
21642,16.96153846153846,17.33546831033017,75.67780771645828,194.40857694722752,508.8461538461538,294.0362124944463
23378,15.68421052631579,18.74086243511835,81.81304124102259,191.6025149252331,470.5263157894737,293.93563187711936
22328,10.53191489361702,27.838705510751364,121.52958114562891,195.25298540094803,315.9574468085106,293.1948771877005
22465,13.901960784313726,21.088627173868655,92.06218393979532,189.3759094299914,417.05882352941177,293.17326796613486
79051A,20.5,14.252819269985048,62.220535195383846,205.72053519538383,615.0,292.18279503469347
21704,12.844444444444445,22.701577393688225,99.10350145176508,189.0146125628762,385.33333333333337,291.58914963448433
21892,11.81132075471698,24.59757383578056,107.38045432129039,190.05969960430926,354.33962264150944,290.52983436223826
22865,11.86697247706422,24.409443496435774,106.55917326953578,189.6279806089853,356.0091743119266,289.66619415265757
21198,14.8,19.357169214531343,84.50352211594496,188.10352211594497,444.0,286.48610437506386
22087,15.743589743589743,18.1495511742649,79.23167804399964,189.43680624912784,472.30769230769226,285.73908771791406
22573,14.625,19.531384999533444,85.26405932454777,187.63905932454776,438.75,285.6465056181766
22547,15.142857142857142,18.77747071874715,81.97285432479369,187.97285432479367,454.2857142857143,284.3445565981711
23213,12.282051282051283,23.11862853101791,100.92413388082721,186.8984928551862,368.4615384615385,283.94418118865593
22630,11.3,24.991215848077843,109.0988944569977,188.19889445699772,339.0,282.40073908327963
23232,27.586206896551722,10.231314820474688,44.66469909030605,237.7681473661681,827.5862068965516,282.2431674613707
22078,11.19047619047619,25.164695602409036,109.85621853131482,188.18955186464814,335.71428571428567,281.6049269793392
22659,11.733333333333333,23.798777661506445,103.89331787944785,186.0266512127812,352.0,279.2389912283423
23227,12.631578947368421,21.95503112757678,95.84446144391276,184.2655140754917,378.94736842105266,277.3267089799172
22355,13.225806451612904,20.815677694073866,90.87062580715991,183.45127096845025,396.77419354838713,275.30412434097695
22326,12.2875,22.352862784966586,97.5811914319642,183.5936914319642,368.625,274.6608014702769
23546,29.0,9.354143466934854,40.83541661352312,243.83541661352314,870.0,271.2701605411108
22132,10.384615384615385,26.03375520850594,113.65008925848468,186.34239695079236,311.53846153846155,270.3505348575617
22986,28.571428571428573,9.44911182523068,41.25,241.25,857.1428571428572,269.9746235780195
22711,28.571428571428573,9.44911182523068,41.25,241.25,857.1428571428572,269.9746235780195
23371,11.410714285714286,23.599519860843312,103.02346001032971,182.8984600103297,342.3214285714286,269.2873784121228
20869,12.142857142857142,22.071312990913274,96.35208871633245,181.35208871633245,364.2857142857143,268.0088006039469
23199,11.144578313253012,23.992444201944625,104.73876715984939,182.75081535262046,334.33734939759034,267.38567333492506
21243,11.375,23.463091583733515,102.42788377683098,182.05288377683098,341.25,266.89266676496874
22460,13.666666666666666,19.445948872097546,84.89108879335768,180.55775546002434,410.0,265.7613012519998
23220,10.548387096774194,25.187084930809842,109.9539589130158,183.79266859043514,316.4516129032258,265.6831216895103
23295,12.084507042253522,21.705658563657828,94.75582809382479,179.34737738959944,362.53521126760563,262.3021837692735
85088,13.333333333333334,19.629909152447276,85.69416549567421,179.02749882900756,400.0,261.73212203263034
22385,10.53125,24.795012779390916,108.2423719887457,181.9611219887457,315.9375,261.1224783329606
90086,13.0,20.074859899884732,87.63659338427071,178.63659338427072,390.0,260.9731786985015
22432,13.4,19.462785001124583,84.96458674059447,178.76458674059447,402.0,260.8013190150694
23581,12.849462365591398,20.263638709852703,88.46070532782777,178.40694188696756,385.48387096774195,260.37686299219337
22579,17.264367816091955,15.079988102298481,65.83153218261614,186.68210689525984,517.9310344827586,260.3464612603715
51014L,17.181818181818183,15.145756481402287,66.11864336176295,186.39137063449022,515.4545454545455,260.23163408954844
23210,12.517857142857142,20.641521324684444,90.1103479768001,177.73534797680009,375.5357142857143,258.38761515363916
23343,11.678260869565218,21.985859820271152,95.97904378320176,177.72686987015828,350.34782608695656,256.7566064228188
22666,8.69811320754717,29.34691346188629,128.11364736634982,189.00043981918003,260.9433962264151,255.262775583577
23185,16.6,15.257784898208522,66.60770225732156,182.80770225732158,498.00000000000006,253.27922931026148
23212,11.680851063829786,21.667553766322268,94.58948199493592,176.3554394417444,350.4255319148936,253.09546846193456
23697,16.846153846153847,14.989842714831418,65.43800342543842,183.36108034851537,505.3846153846154,252.52119650369852
22813,12.052631578947368,20.87389034764756,91.12475254460661,175.49317359723818,361.57894736842104,251.58530997954165
21508,14.071428571428571,17.860417282205518,77.96946702691727,176.46946702691727,422.1428571428571,251.32158604246334
22131,11.166666666666666,22.395509003579534,97.76736305849599,175.93402972516265,335.0,250.0831838733048
85107,14.333333333333334,17.414074767267998,76.02096339168558,176.3542967250189,430.0,249.6017383308413
84817,19.166666666666668,12.995337159103949,56.73101003860234,190.89767670526902,575.0,249.07729554949236
22163,18.0,13.792107243718135,60.20930160697764,186.20930160697765,540.0,248.25793038692643
22816,18.545454545454547,13.229901852633036,57.75499978356853,187.57318160175035,556.3636363636364,245.35454344883087
23165,13.028571428571428,18.806265717895748,82.09855859593037,173.2985585959304,390.85714285714283,245.01877621029888
16016,19.0,12.866839377079188,56.17005429942186,189.17005429942185,570.0,244.46994816450456
23296,12.661290322580646,19.305943659993822,84.27989748711683,172.90892974518135,379.8387096774194,244.43815763056696
22632,10.761467889908257,22.66744242241494,98.95448558751599,174.28476081687378,322.8440366972477,243.9349537751626
22558,11.216666666666667,21.51632542714963,93.92929624348632,172.44596291015299,336.5,241.3414502078617
22420,12.11111111111111,19.747119231642827,86.20584488483188,170.98362266260966,363.3333333333333,239.15955513878535
22419,13.30232558139535,17.909208703001465,78.18246547005758,171.298744539825,399.0697674418605,238.2341250724846
22596,14.095744680851064,16.89822103567918,73.76900925868227,172.43922202463972,422.87234042553195,238.1930092795204
22066,14.52,16.381188398078248,71.51190862366911,173.1519086236691,435.59999999999997,237.85485554009614
22743,9.2,25.84222687105684,112.81397428112992,177.2139742811299,276.0,237.7484872137229
22196,9.71111111111111,24.47412568985516,106.84154271630489,174.81932049408266,291.3333333333333,237.67095392148232
22911,10.181818181818182,23.284407580259295,101.64784060667498,172.92056787940226,305.45454545454544,237.07760445354918
23505,10.975609756097562,21.58759806564645,94.2404362101172,171.06970450280014,329.26829268292687,236.93705194002203
85131B,14.2,16.61926592843378,72.55123362148984,171.95123362148985,426.0,235.99357618375967
22755,11.1,21.250930351782873,92.77071678529354,170.47071678529355,333.0,235.88532690478988
21928,10.9,21.624452574632784,94.40132418814143,170.70132418814143,327.0,235.70653306349735
22063,13.3125,17.636019014127502,76.98985870717001,170.17735870717001,399.375,234.77950312557238
21479,7.728155339805825,30.15521747030711,131.64229015987976,185.73937753852056,231.84466019417476,233.0442049161598
21843,9.71111111111111,23.94939952010775,104.55085604623235,172.52863382401011,291.3333333333333,232.57527978415746
23275,10.781818181818181,21.548486746580515,94.06969615101852,169.5424234237458,323.45454545454544,232.3318661949499
23280,12.107142857142858,19.17625708992336,83.71375210601103,168.46375210601104,363.2142857142857,232.1696840530007
23207,9.788732394366198,23.64856715258287,103.23757545542948,171.75870221599286,293.6619718309859,231.48949536683233
16161U,27.77777777777778,8.333333333333334,36.37908052713812,230.82352497158257,833.3333333333334,231.4814814814815
23382,8.41025641025641,27.28989913390291,119.1337725803677,178.00556745216258,252.30769230769232,229.5150491261578
21401,13.428571428571429,17.057326313123664,74.46358170273574,168.46358170273572,402.8571428571429,229.05552477623206
23292,10.722222222222221,21.320159622976707,93.07293645308499,168.12849200864054,321.66666666666663,228.5994892908058
84536B,12.083333333333334,18.88943106767925,82.46161607075138,167.04494940408472,362.5,228.24729206779097
22418,20.5,11.121407927313623,48.55039134754734,192.05039134754733,615.0,227.98886250992928
22075,11.464285714285714,19.83565594461768,86.59235099014232,166.84235099014234,343.9285714285714,227.40162707936696
23089,13.5,16.71240101918593,72.95781389745481,167.4578138974548,405.0,225.61741375901005
21231,13.74,16.350510196121387,71.37798325013914,167.55798325013916,412.2,224.65601009470788
21213,11.425531914893616,19.660979542198344,85.82980296096585,165.80852636522116,342.7659574468085,224.63714923745766
22757,10.095238095238095,21.934280469120147,95.75387465891455,166.4205413255812,302.85714285714283,221.43178378349862
84978,13.50943396226415,16.326739089261654,71.2742107288588,165.84024846470786,405.2830188679245,220.56500354549706
23157,11.277777777777779,19.547175332821453,85.33299186129595,164.27743630574042,338.33333333333337,220.44869958681974
16258A,14.0,15.710930377712625,68.58590416404817,166.58590416404817,420.0,219.95302528797674
23004,13.833333333333334,15.797430915481533,68.96352136754447,165.79685470087782,415.0,218.5311276641612
82580,10.744186046511627,20.18143067189644,88.10182698789309,163.31112931347448,322.3255813953488,216.8330458236315
84997B,10.290322580645162,21.008242110160946,91.7112637750991,163.74352183961523,308.7096774193549,216.18158816584975
23695,15.977272727272727,13.47950836927588,58.84465445185434,170.68556354276342,479.3181818181818,215.365781445476
21165,11.75,18.326210737629317,80.00288354178242,162.2528835417824,352.5,215.33297616714447
35970,13.017241379310345,16.533487892427765,72.17677049197113,163.29746014714354,390.51724137931035,215.2204027376373
22621,11.11504424778761,19.362496985331024,84.52678044429918,162.33209017881245,333.4513274336283,215.21501073960854
15034,16.1,13.337082806137847,58.222897128191754,170.92289712819178,483.00000000000006,214.72703317881934
22561,12.375,17.346865203671992,75.72756073653524,162.35256073653522,371.25,214.6674568954409
21156,10.86,19.716366349832725,86.07159349717452,162.09159349717453,325.79999999999995,214.1197385591834
22867,10.774390243902438,19.832837063977628,86.58004519584621,162.00077690316328,323.23170731707313,213.68672617102723
85049A,11.06060606060606,19.202466818998335,83.82817040736458,161.252412831607,331.8181818181818,212.39092087679975
84086C,14.5,14.6401275039985,63.91132528746372,165.4113252874637,435.0,212.28184880797824
22744,8.647058823529411,24.469996907705188,106.82351856050734,167.3529303252132,259.4117647058823,211.59350267250954
16235,13.5,15.638955306443044,68.27169773440868,162.7716977344087,405.0,211.1258966369811
35964,14.117647058823529,14.920130499350435,65.13367546935348,163.95720488111817,423.52941176470586,210.6371364614179
23243,9.428571428571429,22.20980101946079,96.95665677344141,162.9566567734414,282.8571428571429,209.40669532634462
21210,13.666666666666666,15.244522958295175,66.54980739571512,162.2164740623818,410.0,208.34181376336738
22960,10.614457831325302,19.54658683030527,85.33042275964473,159.63162757892184,318.43373493975906,207.47642165661378
23005,13.290322580645162,15.539612926082588,67.83801959982179,160.87027766433792,398.7096774193549,206.52646856600086
22294,17.708333333333332,11.566364904387605,50.4928464315577,174.45117976489104,531.25,204.8210451818638
82484,8.217391304347826,24.892633900541618,108.66853598404462,166.1902751144794,246.52173913043478,204.55251335662462
23331,13.0,15.70562531918633,68.56274498588866,159.56274498588866,390.0,204.1731291494223
82001S,12.5,16.268579122549905,71.02031399536332,158.52031399536332,375.0,203.3572390318738
22214,12.5,16.263455967290593,70.99794891403553,158.49794891403553,375.0,203.2931995911324
84625A,12.5,16.263455967290593,70.99794891403553,158.49794891403553,375.0,203.2931995911324
85034A,12.5,16.263455967290593,70.99794891403553,158.49794891403553,375.0,203.2931995911324
22571,11.934426229508198,16.961592744058578,74.04565779655545,157.58664140311282,358.0327868852459,202.42687733892862
22435,10.689655172413794,18.898419148315522,82.50085344386153,157.32843965075807,320.68965517241384,202.01758399923492
23561,12.846153846153847,15.651656748547708,68.32714574862503,158.25022267170198,385.3846153846154,201.06359053903594
23208,9.921052631578947,20.26278240709289,88.45696714698119,157.90433556803382,297.6315789473684,201.0281307230005
84661A,10.666666666666666,18.811344095164138,82.12072819940164,156.7873948660683,320.0,200.65433701508414
23231,27.272727272727273,7.356123579206247,32.113081446662825,223.02217235575372,818.1818181818182,200.62155216017038
22164,13.5,14.849242404917497,64.82421422585853,159.32421422585853,405.0,200.46477246638622
84806B,13.5,14.849242404917497,64.82421422585853,159.32421422585853,405.0,200.46477246638622
22945,15.733333333333333,12.71961106901962,55.527330642449066,165.6606639757824,472.0,200.12188081924202
20712,10.745454545454546,18.58137078009424,81.11678206963916,156.33496388782098,322.3636363636364,199.66527510973992
20975,13.337837837837839,14.965052464358902,65.32978184325111,158.69464670811598,400.13513513513516,199.60144300435454
23365,11.140350877192983,17.88398984376332,78.07237280073433,156.0548289410852,334.2105263157895,199.2339219436791
84997A,9.826086956521738,20.236448156534163,88.34200524837745,157.12461394402962,294.78260869565213,198.84509927724872
22969,16.875,11.749399435578578,51.29188178549091,169.41688178549092,506.25,198.2711154753885
16168M,14.0,14.142135623730951,61.73734688177004,159.73734688177004,420.0,197.9898987322333
23298,8.77659574468085,22.536543444747043,98.38304745357593,159.8192176663419,263.2978723404255,197.79413129698202
84536A,12.65,15.588539511531032,68.05160810285541,156.6016081028554,379.5,197.19502482086756
22772,15.6,12.615686884016883,55.07365068705725,164.27365068705726,468.0,196.80471539066338
21111,15.933333333333334,12.31994124908688,53.78257617481706,165.31590950815038,478.0,196.2977305687843
84970L,14.64,13.369367973094315,58.36383769081673,160.84383769081674,439.20000000000005,195.72754712610077
82581,10.405405405405405,18.735675208690118,81.79039645766917,154.628234295507,312.16216216216213,194.9522960904242
20932,14.5,13.442470011125186,58.68296388220349,160.1829638822035,435.0,194.9158151613152
21015,16.28125,11.968330185090768,52.24762170945539,166.2163717094554,488.4375,194.85937582600906
23033,13.0,14.832396974191328,64.75067567215034,155.75067567215035,390.0,192.82116066448725
22531,12.17142857142857,15.707783223023945,68.57216529278607,153.77216529278604,365.1428571428571,191.18616151452
21131,15.0,12.727922061357855,55.56361219359302,160.56361219359303,450.0,190.91883092036784
22994,13.476190476190476,14.165518160727647,61.83942310532982,156.17275643866316,404.2857142857143,190.89722092790115
21519,19.2,9.936944054529901,43.37962655440916,177.77962655440916,576.0,190.7893258469741
21122,15.04,12.578023162113618,54.90923009840878,160.18923009840879,451.2,189.1734683581888
23301,10.478494623655914,18.042055072388674,78.7624049224186,152.11186728801,314.35483870967744,189.05357707572864
22962,13.125,14.347473645210156,62.633747892011066,154.50874789201106,393.75,188.3105915933833
23281,9.409090909090908,19.896539758769475,86.8581386514816,152.72177501511794,282.27272727272725,187.20835136660367
21374,11.8,15.833508770957875,69.12101887269891,151.72101887269892,354.0,186.83540349730293
21109,10.448275862068966,17.87173787795482,78.01888697064275,151.1568180051255,313.448275862069,186.72884748345902
72807A,9.75,19.061929148361212,83.21465465890007,151.4646546589001,292.5,185.8538091965218
72807B,9.0,20.632844828435214,90.0724708221108,153.0724708221108,270.0,185.69560345591694
21068,10.631578947368421,17.426705324860812,76.07610196029817,150.49715459187712,318.94736842105266,185.27339345378337
16048,15.0,12.328828005937952,53.8213712199903,158.82137121999028,450.0,184.93242008906927
84926E,17.0,10.862780491200215,47.42135594855972,166.42135594855972,510.0,184.66726835040367
21284,15.454545454545455,11.868981728553097,51.81391704937969,159.99573523119787,463.6363636363636,183.42971762309332
22593,14.447368421052632,12.627078086229314,55.123378862567684,156.25495780993612,433.42105263157896,182.4280491931551
23526,8.033333333333333,22.708775963206964,99.13492673258935,155.3682600659227,241.0,182.42716690442927
84006,12.333333333333334,14.665501119188633,64.0220935422957,150.35542687562906,370.0,180.8745138033265
16012,20.714285714285715,8.693182879212227,37.95,182.95,621.4285714285714,180.073073926539
84692,12.97872340425532,13.813177957711137,60.30128559111153,151.15234942089876,389.36170212765956,179.27741604688921
84971S,11.4,15.692885861646568,68.50713101568333,148.30713101568332,342.0,178.8988988227709
22771,13.318181818181818,13.353745198352064,58.295636629168044,151.52290935644078,399.54545454545456,177.84760650532522
23694,14.5,12.247448713915892,53.46611076186485,154.96611076186485,435.0,177.58800635178042
23366,12.017857142857142,14.749411170285066,64.38840200300051,148.51340200300052,360.5357142857143,177.2563163857473
23154,9.0,19.65560625223392,85.80634591916848,148.80634591916848,270.0,176.90045627010528
22267,11.625,15.202795795510772,66.36764789790278,147.74264789790277,348.75,176.73250112281272
22908,9.423076923076923,18.667989879841006,81.49491685422424,147.4564553157627,282.6923076923077,175.90990463696332
23500,15.340425531914894,11.417523899204202,49.84308256196084,157.22606128536512,460.21276595744683,175.14967513460064
22467,10.646341463414634,16.428199146303445,71.71713355910816,146.2415238030106,319.390243902439,174.90021774052326
23583,9.715025906735752,17.959637388587048,78.40261137571305,146.40779272286332,291.4507772020726,174.4783425057032
22676,11.214285714285714,15.48785415651976,67.61206722631238,146.11206722631238,336.4285714285714,173.68522161240014
23319,7.937007874015748,21.86856409867902,95.46699052304709,151.02604564115734,238.11023622047244,173.5709654446335
21912,8.125,21.32586582513098,93.09784681960592,149.97284681960593,243.75,173.2726598291892
21402,19.9,8.67243397848096,37.85942088833372,177.1594208883337,597.0,172.5814361717711
22549,11.189655172413794,15.420943717625253,67.31997039695446,145.647556603851,335.68965517241384,172.5550426334274
22382,8.645669291338583,19.92148380042006,86.96703160746706,147.48671664683715,259.3700787401575,172.23456073119075
22069,12.2,14.093339640490546,61.52432852132561,146.9243285213256,366.0,171.93874361398466
85199S,12.54,13.636999490431934,59.532180313315784,147.3121803133158,376.2,171.00797361001645
20728,8.294736842105262,20.603074385444007,89.94250826096211,148.00566615569895,248.84210526315786,170.89708016557765
20718,9.64406779661017,17.710081593947834,77.31317813380979,144.82165271008097,289.3220338983051,170.7972275755308
23206,9.959183673469388,17.070453383205265,74.5208877914858,144.2351735057715,298.7755102040816,170.00778063273816
23188,10.723684210526315,15.788264573588005,68.9235057967584,143.9892952704426,321.7105263157895,169.3083635193977
21615,9.048780487804878,18.634579710194963,81.3490651039868,144.69052851862097,271.4634146341463,168.62022128005685
22190,9.470588235294118,17.7803179353563,77.61979415621342,143.91391180327224,284.11764705882354,168.39006985837437
23598,10.0,16.834923051393538,73.49268256257832,143.49268256257832,300.0,168.34923051393537
20996,14.783783783783784,11.37281147477794,49.64789093530886,153.13437742179534,443.51351351351354,168.13318585685226
23542,7.407407407407407,22.641451535520588,98.84102263943983,150.6928744912917,222.22222222222223,167.714455818671
23369,8.418604651162791,19.900026989859104,86.87336212275676,145.8035946808963,252.55813953488374,167.53045977509294
22992,8.707317073170731,19.169476640960937,83.68415212615334,144.63537163834846,261.2195121951219,166.9147112395867
85061W,17.071428571428573,9.77016089714207,42.65153640482729,162.1515364048273,512.1428571428572,166.79060388692534
85125,10.0,16.673332000533065,72.78725850037216,142.78725850037216,300.0,166.73332000533065
23551,13.45,12.369210501121428,53.99766058529026,148.14766058529025,403.5,166.36588124008318
21314,11.590909090909092,14.337003971376458,62.58804263911239,143.72440627547604,347.72727272727275,166.17890966822713
20677,9.516129032258064,17.46018512261909,76.22225767133988,142.83516089714632,285.48387096774195,166.15337455395587
23294,9.134615384615385,18.132441781161457,79.15698716526197,143.09929485756965,274.03846153846155,165.63288165484025
23164,9.2,17.961687621774914,78.41156164750194,142.81156164750195,276.0,165.24752612032918
84951A,13.0,12.701705922171767,55.44916590896567,146.44916590896565,390.0,165.12217698823298
22966,10.091954022988507,16.34912143568552,71.37192063081163,142.01559879173118,302.7586206896552,164.99458184519412
21929,9.120689655172415,18.073997592943176,78.90184966571765,142.74667725192455,273.62068965517244,164.84732287356795
22297,13.391304347826088,12.294637154743462,53.6721114125228,147.4112418473054,401.7391304347826,164.6412279852603
22979,10.21875,16.033703162300785,69.99496541874834,141.52621541874834,306.5625,163.84440418976115
22819,14.8125,11.022514837065692,48.11867458430251,151.8061745843025,444.375,163.27100102403557
84032B,7.553191489361702,21.54046597396579,94.03468155107761,146.90702197660954,226.59574468085106,162.69926427144375
22576,12.191489361702128,13.288828747211337,58.0122445327379,143.3526700646528,365.74468085106383,162.01061430110843
23434,12.545454545454545,12.836317375752431,56.036810818128,143.85499263630982,376.3636363636364,161.0374361685305
20725,10.830882352941176,14.828178953180263,64.73226194502713,140.54843841561535,324.92647058823525,160.60226175025386
21930,9.253731343283581,17.268243127620387,75.38433687622819,140.16045627921326,277.6119402985074,159.79568267350209
22563,7.936507936507937,20.11970067746393,87.83234533528507,143.38790089084063,238.0952380952381,159.68016410685658
20931,9.875,16.137246180365295,70.44698139381133,139.5719813938113,296.25,159.3553060311073
23218,8.9375,17.800632011251736,77.70847504455354,140.27097504455355,268.125,159.0931486005624
22905,9.705882352941176,16.358349190407147,71.41220429866395,139.35338076925217,291.17647058823525,158.7722127304223
21035,8.08,19.555306185278717,85.3684870136516,141.9284870136516,242.4,158.00687397705204
22805,12.5,12.613484847574837,55.06403771973138,142.56403771973137,375.0,157.66856059468546
22907,9.8,16.074825037928097,70.17448254173307,138.77448254173308,294.0,157.53328537169537
23499,13.428571428571429,11.730081210068633,51.20754827171479,145.20754827171478,402.8571428571429,157.51823339235023
35598B,12.5,12.59761882261882,54.99477475178892,142.49477475178892,375.0,157.47023528273525
84993A,12.666666666666666,12.420413304985734,54.22118589628965,142.8878525629563,380.0,157.32523519648595
23531,7.6,20.55008229552722,89.71117184019602,142.911171840196,228.0,156.18062544600684
35471D,12.68,12.214812018736154,53.323635606414854,142.08363560641484,380.4,154.88381639757444
23404,7.186046511627907,21.53099185333229,93.99332237538361,144.29564795677896,215.58139534883722,154.7227088995274
22340,14.928571428571429,10.363499235399036,45.24174878730191,149.7417487873019,447.8571428571429,154.7122385855999
22091,9.076923076923077,16.984517836955106,74.14573705262444,137.684198591086,272.3076923076923,154.16716190466943
22130,16.875,9.091204540653566,39.68755944877438,157.81255944877438,506.25,153.41407662352893
84012,9.581395348837209,15.958625907758703,69.66721644009918,136.73698388195965,287.44186046511624,152.90590404643223
22963,11.818181818181818,12.936909846004042,56.47594620721284,139.20321893448556,354.54545454545456,152.89075272550232
90214L,18.0,8.48528137423857,37.04240812906201,163.042408129062,540.0,152.73506473629425
84805B,18.0,8.48528137423857,37.04240812906201,163.042408129062,540.0,152.73506473629425
21544,13.666666666666666,11.167178800079327,48.75020361948426,144.41687028615092,410.0,152.6181102677508
23192,9.6,15.859539715893398,69.23465669373974,136.43465669373973,288.0,152.2515812725766
10080,13.4,11.349008767288886,49.54398046180787,143.34398046180786,402.0,152.07671748167107
22076,13.333333333333334,11.399737847358848,49.765437736479804,143.09877106981315,400.0,151.9965046314513
47559B,8.972972972972974,16.722384343691484,73.00139599738876,135.81220680819956,269.1891891891892,150.04950275961008
22554,7.7,19.459099816193074,84.94849910386877,138.84849910386876,231.0,149.83506858468667
23597,8.785714285714286,17.025812957926764,74.32601047636913,135.82601047636913,263.5714285714286,149.58392813035658
23254,6.953488372093023,21.501886393847155,93.86626279285693,142.54068139750808,208.6046511627907,149.51311701768137
21441,15.5,9.629237883769527,42.03633844663448,150.5363384466345,465.0,149.25318719842767
23236,8.28125,17.96813375521123,78.43970217638616,136.40845217638616,248.4375,148.798607660343
23250,12.380952380952381,11.997817261803043,52.37634723804248,139.04301390470914,371.42857142857144,148.54440419375197
22956,9.277777777777779,15.855247992033707,69.21592121759271,134.16036566203718,278.33333333333337,147.10146748164607
23271,16.208333333333332,9.007142898189514,39.32058921752119,152.77892255085453,486.24999999999994,145.9907744748217
22158,9.85897435897436,14.746977994604856,64.37777999971966,133.39060051254017,295.7692307692308,145.3900779211684
23168,12.710526315789474,11.418117170335265,49.84567248095101,138.8193566914773,381.3157894736842,145.13027877031402
21914,11.24113475177305,12.891802882463091,56.279032224133935,134.9669754865453,337.2340425531915,144.91849339506382
21291,13.666666666666666,10.595596569644705,46.25496730082078,141.92163396748742,410.0,144.80648645181097
20723,9.571428571428571,14.998611046804747,65.476281488032,132.476281488032,287.1428571428571,143.55813430513115
47591D,8.721518987341772,16.431627343336263,71.73209931781854,132.78273222921095,261.6455696202532,143.30874986783147
23172,13.5,10.575542788110589,46.16742272482439,140.6674227248244,405.0,142.76982763949295
21905,8.666666666666666,16.442412875745173,71.77918344806237,132.44585011472904,260.0,142.50091158979149
85159B,12.333333333333334,11.503622617824933,50.21894562811928,136.55227896145263,370.0,141.8780122865075
35599D,10.777777777777779,13.16033603083312,57.45131090758504,132.89575535202948,323.33333333333337,141.83917722120142
35095A,14.272727272727273,9.900413214516949,43.220151549942535,143.12924245903343,428.1818181818182,141.30589769810555
82552,8.096774193548388,17.419060132911262,76.04272695386881,132.7201463087075,242.90322580645164,141.03819656002347
23486,5.756756756756757,24.431770533700814,106.65664171992746,146.95393901722477,172.7027027027027,140.6477600994128
23439,8.54335260115607,16.427947835626522,71.7160364649458,131.51950467303828,256.3005780346821,140.34975087315607
22529,12.6,11.134245756737569,48.60643475919623,136.80643475919624,378.0,140.29149653489335
90114,8.5,16.416455159382004,71.6658653055972,131.1658653055972,255.0,139.53986885474703
21371,12.666666666666666,11.015141094572204,48.08648458766766,136.7531512543343,380.0,139.52512053124792
21086,12.0,11.607207792026157,50.671145635361356,134.67114563536137,360.0,139.28649350431388
21975,10.689655172413794,13.002303300072569,56.76142065499364,131.5890068618902,320.68965517241384,138.99013872491366
23353,11.833333333333334,11.613493851404913,50.69858736260193,133.53192069593527,355.0,137.42634390829147
22061,10.166666666666666,13.4412301024373,58.677551073643144,129.8442177403098,305.0,136.6525060414459
85015,12.88,10.596068453283353,46.25702730396756,136.4170273039676,386.40000000000003,136.47736167828958
22156,10.869565217391305,12.538320707575155,54.73590944351519,130.82286596525432,326.0869565217391,136.28609464755604
21014,13.444444444444445,10.11324763751871,44.149278023541896,138.260389134653,403.3333333333333,135.9669960155293
21121,12.486486486486486,10.884804958242428,47.51750353177123,134.92290893717663,374.5945945945946,135.91297001913517
23480,9.137614678899082,14.85514494357417,64.8499816973512,128.81328444964475,274.1284403669725,135.7405904935768
22774,13.6,9.968840342676664,43.518869470610106,138.71886947061012,408.0,135.57622866040262
21124,12.444444444444445,10.880215299676761,47.49746742474493,134.60857853585605,373.3333333333333,135.39823484042194
84821,13.8,9.808159868191382,42.81742052015745,139.41742052015746,414.0,135.35260618104107
21931,8.96629213483146,15.047990985058926,65.69184909805286,128.45589404187308,268.9887640449438,134.92468321434856
22534,11.818181818181818,11.388024569436103,49.71430354278521,132.44157627005794,354.54545454545456,134.5857449115176
85019A,11.142857142857142,12.03368288636209,52.53291825132125,130.53291825132123,334.2857142857143,134.08960930517756
23255,8.0,16.74440204964035,73.09751406511714,129.09751406511714,240.0,133.9552163971228
21169,10.35,12.935072543086696,56.467925480318904,128.9179254803189,310.5,133.8780008209473
20676,10.125,13.21716869783755,57.699413327928184,128.5744133279282,303.75,133.82383306560519
23226,10.214285714285714,13.051251466245098,56.97510336845519,128.4751033684552,306.4285714285714,133.30921140521778
22556,8.931818181818182,14.917239471089362,65.12105471536358,127.64378198809086,267.95454545454544,133.2380707304118
21442,19.0,7.010196655077313,30.602941035135824,163.6029410351358,570.0,133.19373644646893
23209,10.162162162162161,13.083745981128441,57.116957837290954,128.25209297242608,304.86486486486484,132.9591483487647
22997,10.517241379310345,12.554511680937576,54.80659097036691,128.4272806255393,315.51724137931035,132.03882974779177
20963,9.925925925925926,13.266284408013497,57.913827453004785,127.39530893448627,297.77777777777777,131.68015634620804
23571,9.666666666666666,13.59361829438113,59.34280015037629,127.00946681704295,290.0,131.40497684568425
22663,7.823529411764706,16.782874727992,73.26546614477907,128.030172027132,234.70588235294116,131.301314048408
23171,12.55,10.455293295490893,45.64247480778126,133.49247480778126,376.5,131.21393085841072
85019B,11.2,11.713240371477058,51.1340297649227,129.5340297649227,336.0,131.18829216054303
22537,10.96875,11.952822247378204,52.17992196767277,128.96117196767278,329.0625,131.1075190259297
22255,12.0,10.821788720498619,47.242406797283316,131.2424067972833,360.0,129.86146464598343
22902,9.181818181818182,14.09835580355512,61.54622652933322,125.81895380206049,275.45454545454544,129.4485396508243
22856,13.0,9.899494936611665,43.216142817239025,134.21614281723902,390.0,128.69343417595164
23445,21.818181818181817,5.884898863364997,25.69046515733026,178.41773788460299,654.5454545454545,128.397793382509
22398,10.282608695652174,12.468026741279312,54.429041860261385,126.4073027298266,308.4782608695652,128.2038401875025
21822,10.717948717948717,11.951544093037821,52.17434219811178,127.19998322375281,321.5384615384615,128.09603668948228
23318,8.196581196581196,15.620631425843749,68.19170502306169,125.56777339913006,245.89743589743588,128.03577382379618
20719,9.761194029850746,13.075641883819822,57.08157948426015,125.40993769321537,292.8358208955224,127.6338774928084
22595,12.037037037037036,10.522147285988556,45.93432521224626,130.19358447150552,361.1111111111111,126.65547659060297
22207,7.823529411764706,16.175735277405657,70.61500514908911,125.37971103144206,234.70588235294116,126.55134069970308
22436,13.26086956521739,9.535662208517074,41.627834803587646,134.45392176010938,397.82608695652175,126.45117276511772
22333,10.379310344827585,12.154992487226473,53.062494059948484,125.71766647374159,311.37931034482756,126.16043926397131
22437,11.727272727272727,10.74014196138251,46.88597871432354,128.97688780523265,351.8181818181818,125.95257391075853
23083,8.847222222222221,14.212333190243083,62.043793632764505,123.97434918832005,265.41666666666663,125.73967003034504
21791,9.887931034482758,12.715462378861648,55.50921957844838,124.72473681982768,296.63793103448273,125.72961507374404
21833,13.428571428571429,9.358808769672644,40.85578294440091,134.85578294440091,402.8571428571429,125.67543204988979
22067,11.25,11.157956802210698,48.709945083114185,127.45994508311418,337.5,125.52701402487035
22798,10.0,12.54916258088489,54.78323952937918,124.78323952937919,300.0,125.4916258088489
22304,9.5,13.171939872319491,57.501967357647864,124.00196735764786,285.0,125.13342878703517
21286,14.363636363636363,8.709451501360201,38.021020501822406,138.56647504727695,430.9090909090909,125.0993942922647
23160,10.666666666666666,11.718930554164631,51.15887019862733,125.825536865294,320.0,125.00192591108939
23347,9.4,13.276545735494103,57.95862317205266,123.75862317205267,282.0,124.79952991364458
23109,9.26388888888889,13.47087944843398,58.80698498711397,123.65420720933619,277.9166666666667,124.79273044590923
21619,7.75,16.10223022384844,70.29411959758797,124.54411959758797,232.5,124.79228423482542
22785,9.76923076923077,12.702715235687775,55.45357205668678,123.83818744130217,293.0769230769231,124.0957565332575
20727,8.72992700729927,14.184967006137914,61.92432683893062,123.03381589002552,261.8978102189781,123.83372656453245
22581,12.255813953488373,10.080847052599097,44.00783360499186,129.79853127941047,367.6744186046512,123.54898597022614
22817,12.928571428571429,9.522962416538942,41.5723939929816,132.0723939929816,387.8571428571429,123.11829981382489
79190B,16.428571428571427,7.4801324154309565,32.65444073935428,147.65444073935427,492.85714285714283,122.88788968207999
85130B,10.0,12.288205727444508,53.64403508312923,123.64403508312924,300.0,122.88205727444507
23200,9.294117647058824,13.151310953925774,57.41191202763593,122.4707355570477,278.82352941176475,122.22983121883956
22898,7.911111111111111,15.407823016280076,67.2626921108574,122.64046988863518,237.33333333333334,121.89299986212683
23222,10.695652173913043,11.371554553552777,49.64240385869287,124.51196907608417,320.8695652173913,121.62619218147752
16236,8.277777777777779,14.652064923960301,63.96343797091293,121.90788241535738,248.33333333333337,121.28653742611584
21209,13.0,9.305912099305473,40.624863076692336,131.62486307669235,390.0,120.97685729097115
22068,8.571428571428571,13.92325906018928,60.78184350609975,120.78184350609975,257.1428571428571,119.34222051590811
21106,10.5,11.291589790636214,49.29331851275586,122.79331851275586,315.0,118.56169280168025
23263,9.431192660550458,12.556809405787721,54.81662166444922,120.83497028830243,282.93577981651373,118.42568870779611
23313,7.909774436090226,14.9481217258408,65.25587087925904,120.62429193189061,237.29323308270676,118.23627109462046
21373,11.285714285714286,10.476556770153149,45.73530028662426,124.73530028662427,338.5714285714286,118.23542640601411
21208,12.583333333333334,9.394953513198006,41.01357244864193,129.09690578197527,377.5,118.21983170774158
23080,7.178571428571429,16.39967532146142,71.59261309660377,121.84261309660377,215.35714285714286,117.7262407004909
20675,7.714285714285714,15.24513974072674,66.5524999530446,120.5524999530446,231.42857142857144,117.60536371417771
21306,10.375,11.325540037581305,49.44152796485967,122.06652796485966,311.25,117.50247788990605
21980,11.923076923076923,9.834319811448383,42.93162148203726,126.39315994357572,357.6923076923077,117.25535159803842
22551,8.467289719626168,13.821857012150259,60.33917391355236,119.61020195093553,254.01869158878503,117.03366778512274
84596F,11.357142857142858,10.295207098383512,44.94362016907893,124.44362016907894,340.7142857142857,116.92413776021276
21786,11.0625,10.567047837499365,46.13033810574121,123.5678381057412,331.875,116.89796670233672
22999,11.736842105263158,9.937818368139391,43.38344336143383,125.54133809827593,352.10526315789474,116.63860505763601
21285,11.727272727272727,9.813410737507644,42.840343135880694,124.93125222678978,351.8181818181818,115.08454410349873
21746,12.25,9.394147114027968,41.010052121400676,126.76005212140068,367.5,115.0783021468426
16238,10.105263157894736,11.347514347703866,49.5374565885569,120.27429869382004,303.1578947368421,114.6696186715338
23330,9.05,12.636274123681144,55.163524069006556,118.51352406900656,271.5,114.35828081931436
35818P,10.11111111111111,11.307568753322311,49.36307450919158,120.14085228696935,303.3333333333333,114.33208406137003
22996,10.525,10.855667313459492,47.39030344465968,121.06530344465968,315.75,114.25589847416116
22337,12.555555555555555,9.098229375970787,39.71822629473778,127.60711518362666,376.6666666666667,114.23332438718877
23553,5.617647058823529,20.312728814013585,88.67500767011028,127.99853708187499,168.52941176470586,114.10974127872336
23163,9.615384615384615,11.86408067472614,51.79252154955904,119.10021385725135,288.46153846153845,114.07769879544364
23229,8.267857142857142,13.696039336483143,59.78991815097259,117.6649181509726,248.03571428571428,113.23689665699455
21507,13.153846153846153,8.596242470718508,37.5268076487688,129.60373072569186,394.6153846153846,113.0736509609896
22930,7.9,14.286357128393508,62.36694436959374,117.66694436959375,237.0,112.86222131430871
84926D,10.333333333333334,10.893423092245461,47.55512590667803,119.88845924001137,310.0,112.56537195320311
22254,12.5,9.0,39.28940696930917,126.78940696930917,375.0,112.5
21201,12.5,9.0,39.28940696930917,126.78940696930917,375.0,112.5
22645,8.58,13.076056947953477,57.08339144244522,117.14339144244522,257.4,112.19256861344083
22697,8.746268656716419,12.779414416780641,55.78840153892793,117.01228213594285,262.3880597014926,111.77219176467845
20757,9.0,12.409673645990857,54.17430202596061,117.1743020259606,270.0,111.68706281391772
21191,11.181818181818182,9.988174826445338,43.60327395964665,121.87600123237391,335.45454545454544,111.68595487752513
21094,10.956521739130435,10.191254097462753,44.48981441809486,121.18546659200791,328.69565217391306,111.66069706785278
84927F,9.75,11.398621470536312,49.76056420500073,118.01056420500073,292.5,111.13655933772904
22633,8.417218543046358,13.194623963768494,57.600994524388845,116.52152432571336,252.51655629139074,111.06203349635601
23155,12.1,9.13418487514531,39.875189654721396,124.5751896547214,363.0,110.52363698925825
21877,8.137931034482758,13.566566409299407,59.22470542568042,116.19022266705971,244.13793103448273,110.40378181360896
22232,10.25,10.700467279516348,46.71277930074382,118.46277930074382,307.5,109.67978961504257
22699,9.04054054054054,12.091476890870013,52.78521738059878,116.06900116438257,271.2162162162162,109.31348702691943
22955,8.705882352941176,12.548728550546231,54.78134477442223,115.72252124501046,261.17647058823525,109.24775444004953
23398,9.411764705882353,11.58694752474423,50.58269964796729,116.46505258914377,282.3529411764706,109.05362376229864
23170,11.375,9.540816207906085,41.6503345346448,121.2753345346448,341.25,108.52678436493171
85034B,10.904761904761905,9.91871727497827,43.30005773668206,119.63339107001539,327.14285714285717,108.16125028428685
23000,10.4,10.394330438424493,45.3763420854153,118.1763420854153,312.0,108.10103655961473
15056N,8.178571428571429,13.171387540249878,57.49955615770728,114.74955615770727,245.35714285714286,107.72313381132936
22670,9.434782608695652,11.37711453655388,49.66667590701208,115.71015416788164,283.04347826086956,107.34060236661703
21908,9.2,11.659175083871228,50.898008310738454,115.29800831073845,276.0,107.26441077161529
20983,10.6,10.073201465030968,43.97445687149367,118.17445687149367,318.0,106.77593552932825
22662,8.106060606060606,13.171214286499396,57.49879982025043,114.24122406267466,243.18181818181816,106.7666612617754
22948,9.277777777777779,11.488129707789971,50.1513114895079,115.09575593395235,278.33333333333337,106.58431451116252
21415,10.75,9.912113800799505,43.27123033841307,118.52123033841306,322.5,106.55522335859467
23391,7.947368421052632,13.322802859135601,58.160558167161604,113.79213711453002,238.42105263157896,105.881222722604
23367,10.686274509803921,9.898475122243854,43.2116908281579,118.01561239678534,320.5882352941176,105.77782238476274
22287,9.166666666666666,11.496376240653689,50.187311643482154,114.35397831014882,275.0,105.3834488726588
21698,10.25,10.275375094532235,44.857043761264514,116.60704376126452,307.5,105.3225947189554
22182,9.777777777777779,10.732867484714625,46.854222061624284,115.29866650606874,293.33333333333337,104.94359318387633
90093,11.0,9.539392014169456,41.64411723160907,118.64411723160907,330.0,104.93331215586402
84931B,10.333333333333334,10.152175464730044,44.31921705084602,116.65255038417936,310.0,104.9058131355438
22395,9.555555555555555,10.978514370249636,47.92659100123854,114.81547989012742,286.6666666666667,104.90580398238541
23058,11.851851851851851,8.821755030795279,38.51128039871847,121.47424336168143,355.55555555555554,104.55413369831442
23145,11.555555555555555,9.043829369973906,39.480743630877306,120.36963251976618,346.6666666666667,104.50647271969846
22077,9.759493670886076,10.679737812340901,46.62228502606459,114.93874072226713,292.7848101265823,104.22883358626375
22400,8.0,13.001326192301333,56.75715510111843,112.75715510111843,240.0,104.01060953841066
23368,9.86111111111111,10.5327197182654,45.9804790560663,115.00825683384407,295.8333333333333,103.86431944400601
23560,8.15,12.687644217484728,55.38777968250663,112.43777968250663,244.5,103.40430037250053
79302M,9.5,10.836446439150219,47.306394916543795,113.8063949165438,285.0,102.94624117192708
20961,8.242424242424242,12.457503519541703,54.383102844541696,112.08007254151138,247.27272727272725,102.68002900955585
22899,6.72,15.160421080792537,66.18266151881687,113.22266151881686,201.6,101.87802966292584
85160B,12.0,8.48528137423857,37.04240812906201,121.04240812906201,360.0,101.82337649086284
23381,11.666666666666666,8.70040054807649,37.98150865881975,119.6481753254864,350.0,101.50467306089237
84819,12.277777777777779,8.259080959807429,36.05493255803852,121.99937700248299,368.33333333333337,101.40316067319122
82582,8.529411764705882,11.834446233223538,51.663152701503066,111.36903505444424,255.88235294117646,100.94086493043606
22402,7.8125,12.915201096182694,56.38117688426553,111.06867688426553,234.375,100.90000856392729
21110,7.571428571428571,13.189100839419682,57.576883382135236,110.57688338213524,227.14285714285714,99.86033492703473
22269,10.181818181818182,9.796103121325151,42.76478691634041,114.03751418906768,305.45454545454544,99.74214087167427
70006,9.285714285714286,10.70175090942938,46.71838297386061,111.7183829738606,278.5714285714286,99.37340130184425
23036,12.2,8.136338242723197,35.519100495367276,120.91910049536727,366.0,99.263326561223
23535,6.313432835820896,15.570182221179161,67.97146954157893,112.16549939232519,189.40298507462688,98.30129969490724
84375,7.928571428571429,12.351519801541324,53.92043201913754,109.42043201913754,237.85714285714286,97.92990699793478
23179,6.833333333333333,14.288690166235206,62.37712922217566,110.210462555509,205.0,97.63938280260723
21733,8.563492063492063,11.398593619738202,49.76044262262946,109.70488706707391,256.9047619047619,97.61176599759936
22174,9.785714285714286,9.94561933291959,43.41749839254522,111.91749839254521,293.5714285714286,97.32498918642742
22660,6.636363636363637,14.63743643725039,63.899577463391715,110.35412291793716,199.0909090909091,97.1393509017526
21889,9.35897435897436,10.377746033320312,45.303943036361744,110.81676354918226,280.7692307692308,97.12505902979267
23438,13.23076923076923,7.333799518981644,32.01562599251041,124.63101060789502,396.9230769230769,97.03180902037252
22112,8.121693121693122,11.941390795856533,52.1300180842189,108.98186993607075,243.65079365079364,96.98431149015755
22028,13.055555555555555,7.4239059183806555,32.408984547680056,123.79787343656895,391.6666666666667,96.92321615663633
21874,9.272727272727273,10.425161038755357,45.51093275247169,110.4200236615626,278.1818181818182,96.6696750866406
84596B,9.37704918032787,10.242336866207552,44.7128157170208,110.35215997931589,281.3114754098361,96.04289651591344
21116,6.733333333333333,14.215015535224245,62.05550338205307,109.1888367153864,202.0,95.71443793717658
82494L,8.403669724770642,11.326075507801752,49.443865554572,108.2695536279665,252.11009174311928,95.18059784537986
23002,9.565217391304348,9.926209964975287,43.332766997414026,110.28928873654446,286.95652173913044,94.94635618672014
21871,9.461538461538462,9.996963101615446,43.64163908405962,109.87240831482885,283.84615384615387,94.58665088451538
23269,8.576923076923077,11.00244728021208,48.03106987229124,108.06953141075277,257.3076923076923,94.36714398028053
23373,14.0,6.733003292241385,29.39285627495225,127.39285627495225,420.0,94.26204609137939
22984,13.444444444444445,6.984108946585654,30.48905541337744,124.60016652448856,403.3333333333333,93.89746472631825
22074,10.045454545454545,9.32726302287201,40.71807031282303,111.03625213100484,301.3636363636364,93.69659672975973
22557,7.506849315068493,12.408692392019255,54.170018371890556,106.71796357737,225.2054794520548,93.15018398392536
23035,11.073170731707316,8.3647780720783,36.51635220909308,114.02854733104428,332.1951219512195,92.62461572496458
82482,8.120481927710843,11.401109905705956,49.77142744301149,106.6148009369874,243.6144578313253,92.58250694513029
47503A,8.758620689655173,10.568332658107133,46.13594697682357,107.44629180440978,262.7586206896552,92.56401707445558
84926F,9.0,10.279429296739517,44.87474233909316,107.87474233909316,270.0,92.51486367065566
23121,10.0,9.248211273792672,40.372970719354825,110.37297071935483,300.0,92.48211273792671
23493,9.180722891566266,10.073240372167879,43.97462672019768,108.23968696116154,275.421686746988,92.47962847701113
22331,8.176470588235293,11.303955580446425,49.34730124035034,106.5825953579974,245.2941176470588,92.42646033423841
22614,9.538461538461538,9.688057676255934,42.293115642728786,109.06234641195957,286.15384615384613,92.4091655273643
23300,7.828025477707007,11.745800310001174,51.276169839986,106.07234818393505,234.8407643312102,91.94642408274805
21985,9.688888888888888,9.426322483108436,41.15051336253293,108.97273558475516,290.66666666666663,91.33059116967284
21788,8.5,10.741922029548013,46.893749583499925,106.39374958349993,255.0,91.30633725115811
35971,8.5,10.731573354670166,46.84857255029229,106.34857255029229,255.0,91.21837351469641
23027,12.0,7.58946638440411,33.131737050749386,117.1317370507494,360.0,91.07359661284931
84951B,8.5,10.700467279516348,46.71277930074382,106.21277930074382,255.0,90.95397187588895
85111,7.875,11.544169833420554,50.3959540786758,105.5209540786758,236.25,90.91033743818686
35648,9.0,10.084260393916239,44.02273451122901,107.022734511229,270.0,90.75834354524615
21504,15.6,5.796550698475775,25.30478215673867,134.50478215673868,468.0,90.42619089622208
20772,6.866666666666666,13.141356021934651,57.36845387493025,105.43512054159692,206.0,90.23731135061793
71038,8.5,10.606601717798213,46.30301016132753,105.80301016132753,255.0,90.15611460128481
21817,8.5,10.606601717798213,46.30301016132753,105.80301016132753,255.0,90.15611460128481
20615,8.8,10.232301793829187,44.66900771228302,106.26900771228303,264.0,90.04425578569685
22149,8.0,11.247221879201993,49.09963085400948,105.09963085400949,240.0,89.97777503361594
22055,10.620689655172415,8.465956165319039,36.95804412928353,111.30287171549043,318.62068965517244,89.91429306614704
84832,11.86111111111111,7.5674218209290425,33.035501736767976,116.06327951454574,355.8333333333333,89.75803104268614
22553,7.260273972602739,12.362608720182847,53.9688405788438,104.79075838706298,217.8082191780822,89.75592632461519
22773,11.0,8.12403840463596,35.46540567933772,112.46540567933772,330.0,89.36442245099556
22367,6.7701149425287355,13.1694688750819,57.49118024474922,104.88198484245038,203.10344827586206,89.15881801635908
22423,6.365269461077844,13.91036680305836,60.72556249085867,105.28244871840357,190.95808383233532,88.54323300389841
22083,8.867647058823529,9.941477129449341,43.399415646112736,105.47294505787744,266.02941176470586,88.15751042732283
22572,9.27027027027027,9.509202118207654,41.51232355285303,106.40421544474492,278.1081081081081,88.1528736904115
21411,6.568627450980392,13.416787845025775,58.57084865156647,104.55124080842921,197.05882352941177,88.12988094281636
20749,6.037735849056604,14.55224310511685,63.52766685258436,105.79181779598059,181.13207547169813,87.86259987995079
48173C,7.0,12.545302522642304,54.76638848502161,103.76638848502161,210.0,87.81711765849613
22381,7.818181818181818,11.197943534146766,48.8845067480485,103.61177947532123,234.54545454545456,87.5475585396929
22057,11.31578947368421,7.731987178662038,33.75391010488149,112.96443642067098,339.4736842105263,87.49353912696517
22384,7.609195402298851,11.485437009473488,50.139556542841014,103.40392435893297,228.27586206896552,87.39493448587872
23312,6.533333333333333,13.358761064377981,58.31753334045647,104.05086667378981,196.0,87.27723895393615
22114,7.411428571428571,11.760145324884272,51.33879285417742,103.21879285417742,222.34285714285713,87.15947706499942
22619,6.542857142857143,13.306515473153258,58.08945575201422,103.88945575201421,196.28571428571428,87.06262981005989
23182,7.461538461538462,11.652401535239916,50.86843845420489,103.09920768497412,223.84615384615384,86.94484222448244
22307,10.772727272727273,8.064807842789904,35.206835273849876,110.61592618294078,323.1818181818182,86.8799753973276
17012D,9.0,9.637167633698192,42.07095568798028,105.07095568798027,270.0,86.73450870328374
22555,7.604651162790698,11.373114912725432,49.64921559053207,102.88177373006695,228.13953488372093,86.48857154560969
23267,10.923076923076923,7.893911967703095,34.46079109766523,110.92232955920369,327.6923076923077,86.22580764721842
20956,10.466666666666667,8.236388482708621,35.955868783829985,109.22253545049665,314.0,86.20753278568357
23328,7.578947368421052,11.371617484356669,49.64267858246677,102.69531016141414,227.36842105263156,86.1848904077558
21981,9.095238095238095,9.454653679034266,41.27419290549483,104.94085957216149,272.85714285714283,85.99232631883547
21420,8.0,10.739335795724674,46.88245940647739,102.88245940647738,240.0,85.9146863657974
35646,8.636363636363637,9.922426389474778,43.316249837676395,103.77079529222185,259.0909090909091,85.6936824545549
22677,9.454545454545455,9.059399939992012,39.548716793342365,105.73053497516055,283.6363636363636,85.65250852356084
21623,6.0,14.257374487356614,62.2404209497333,104.2404209497333,180.0,85.54424692413969
22640,7.857142857142857,10.884676865951992,47.516944346201385,102.51694434620138,235.7142857142857,85.5224610896228
20979,11.194444444444445,7.62259589995221,33.27636360842332,111.63747471953442,335.8333333333333,85.33072632446502
23354,10.102564102564102,8.443224815675897,36.858810657384524,107.57675937533324,303.0769230769231,85.29821993272573
23256,6.254901960784314,13.580637889664688,59.28613432776177,103.07044805325197,187.64705882352942,84.9455585647654
22391,9.0,9.433981132056603,41.183947115350655,104.18394711535066,270.0,84.90583018850943
21636,10.071428571428571,8.425823727951203,36.78284638879295,107.28284638879295,302.1428571428571,84.86008183150854
21289,10.0,8.48528137423857,37.04240812906201,107.04240812906201,300.0,84.85281374238569
84029G,7.355263157894737,11.529329494662349,50.33116873322763,101.81801083849078,220.6578947368421,84.80125246731912
23045,7.75,10.90489186863706,47.605192731465756,101.85519273146576,232.5,84.51291198193722
21972,7.75,10.90489186863706,47.605192731465756,101.85519273146576,232.5,84.51291198193722
23034,9.857142857142858,8.571825387640049,37.42021512498291,106.42021512498292,295.7142857142857,84.49370739245191
20982,9.031746031746032,9.296146017203554,40.582229346225894,103.80445156844812,270.95238095238096,83.96042990140988
72817,9.695652173913043,8.630994794706174,37.678518559911105,105.5480837773024,290.8695652173913,83.68312344432508
22090,9.0,9.28667993646945,40.54090526862961,103.54090526862961,270.0,83.58011942822506
20972,8.917525773195877,9.308005182696219,40.634000410598965,103.0566808229701,267.5257731958763,83.00437611373432
20840,10.5,7.867655305108378,34.34616790851637,107.84616790851638,315.0,82.61038070363797
21875,7.35,11.23094878121683,49.028590812966094,100.47859081296609,220.5,82.54747354194369
35961,8.166666666666666,10.106677373708527,44.12059560479367,101.28726227146034,244.99999999999997,82.53786521861963
85202,10.0,8.215838362577491,35.86615744681886,105.86615744681886,300.0,82.15838362577492
21084,9.181818181818182,8.931049006899267,38.98840212165665,103.26112939438391,275.45454545454544,82.0032681542569
22478,9.666666666666666,8.470537173048708,36.9780424711747,104.64470913784136,290.0,81.88185933947084
22566,8.25925925925926,9.913443058612545,43.27703319965571,101.09184801447053,247.77777777777777,81.8776963729851
35095B,8.88888888888889,9.184830488969903,40.096282558361935,102.31850478058416,266.6666666666667,81.64293767973247
22698,7.758064516129032,10.506337640620552,45.865308368812485,100.17175998171571,232.74193548387098,81.50884524416912
22321,12.666666666666666,6.408327915038889,27.975489271860823,116.64215593852748,380.0,81.17215359049258
23508,9.0,9.012337223063849,39.34326498906769,102.34326498906769,270.0,81.11103500757464
23238,7.26530612244898,11.148197743365072,48.66734201260049,99.52448486974336,217.9591836734694,80.99506931914216
23103,8.93939393939394,9.059686643472945,39.549968394424795,102.12572597018237,268.1818181818182,80.98810787347027
23242,7.161290322580645,11.299252996529013,49.32677215886828,99.45580441693279,214.83870967741936,80.91723113643357
21982,9.142857142857142,8.849890253064679,38.634104420708965,102.63410442070897,274.2857142857143,80.9132823137342
23224,8.952380952380953,9.024833463705523,39.39781719841849,102.06448386508515,268.57142857142856,80.79374719888754
22752,8.688888888888888,9.297659094980018,40.58883467161875,101.41105689384096,260.66666666666663,80.7863268030486
22535,8.304347826086957,9.706767941674395,42.37479511300987,100.50522989561857,249.13043478260872,80.60837725477433
23139,9.666666666666666,8.334666560017064,36.384900714444726,104.05156738111138,290.0,80.56844341349829
22365,7.0,11.509586796896494,50.244982190205995,99.244982190206,210.0,80.56710757827545
85203,11.5,6.978538528947161,30.46473781275657,110.96473781275657,345.0,80.25319308289235
22575,8.071428571428571,9.941863977175474,43.40110442586243,99.90110442586243,242.14285714285714,80.24504495863061
22173,6.666666666666667,12.022548260109692,52.484310155512176,99.15097682217885,200.0,80.15032173406462
22072,9.608695652173912,8.321599116618602,36.327854925363546,103.58872449058094,288.2608695652174,79.95971325098743
84875B,8.4,9.50263121456368,41.48363834091701,100.28363834091701,252.0,79.82210220233492
22195,6.15,12.958612619630275,56.570689441142164,99.62068944114216,184.5,79.6954676107262
84950,13.2,6.031496279400415,26.330434661693005,118.730434661693,396.0,79.61575088808549
21385,8.25,9.602083107326242,41.917794550763276,99.66779455076328,247.5,79.2171856354415
21383,8.5,9.311283477587825,40.64831177306138,100.14831177306138,255.0,79.14590955949652
21669,9.958333333333334,7.942615748450647,34.67340694908018,104.38174028241352,298.75,79.09521516165437
22252,12.0,6.572670690061994,28.692925957455092,112.69292595745509,360.0,78.87204828074393
85179A,8.6,9.16757571250134,40.02095701004663,100.22095701004662,258.0,78.84115112751152
23162,7.2631578947368425,10.805564951363193,47.17158210082355,98.01368736398145,217.89473684210526,78.4825243835853
22664,9.117647058823529,8.586925766399,37.48613567236637,101.30966508413107,273.52941176470586,78.29255845834382
22970,8.736842105263158,8.849138637350197,38.63082325007665,99.78871798691875,262.10526315789474,77.31352704211224
85212,14.4,5.366563145999495,23.42767594107448,124.22767594107448,432.0,77.27850930239273
70007,8.375,9.200543462209176,40.16487738061701,98.78987738061701,251.25,77.05455149600185
84535B,8.5,9.033271832508971,39.434654810204684,98.93465481020468,255.0,76.78281057632626
23120,8.176470588235293,9.349032664650705,40.81310545898072,98.04839957662779,245.2941176470588,76.44209061096753
22098,6.9411764705882355,10.912714787280043,47.639343601938194,96.22757889605585,208.23529411764707,75.74707911170854
21012,6.696969696969697,11.262451022326491,49.166113520899735,96.04490139968762,200.9090909090909,75.4242932101259
23503,8.891891891891891,8.467425659390068,36.96445919046083,99.20770243370407,266.7567567567567,75.2914335659279
21989,8.705882352941176,8.62963430484132,37.67257935546912,98.61375582605734,261.17647058823525,75.12858100685384
21123,7.5,9.986354326142884,43.59532658439433,96.09532658439433,225.0,74.89765744607163
20768,6.125,12.1941145054255,53.23328082600207,96.10828082600207,183.75,74.68895134573118
22488,7.232558139534884,10.25586292090976,44.77186356900793,95.39977054575212,216.97674418604652,74.1761248465799
22639,6.9523809523809526,10.60413216852841,46.292229369517294,94.95889603618397,208.57142857142858,73.72396650500704
23377,8.476190476190476,8.68112347348572,37.897354788955916,97.23068812228925,254.28571428571428,73.58285610859325
22481,8.35,8.809534308738579,38.45793096290242,96.90793096290241,250.5,73.55961147796712
21903,6.7894736842105265,10.814491036302588,47.210548832359834,94.73686462183352,203.6842105263158,73.42470229910705
21172,7.745454545454545,9.469675151490017,41.339768988227306,95.55795080640912,232.36363636363635,73.34693844608631
23399,8.733333333333333,8.389387235181015,36.62378325623938,97.7571165895727,262.0,73.26731518724753
23436,13.470588235294118,5.432743863127817,23.716587177605074,118.0107048246639,404.11764705882354,73.18225556801589
21864,5.416666666666667,13.48708697797694,58.87773878980068,96.79440545646736,162.5,73.05505446404176
22093,6.617647058823529,10.990394444853921,47.97845334412227,94.30198275588697,198.52941176470586,72.73055147329801
21986,8.375,8.67083233221202,37.852428918102476,96.47742891810248,251.25,72.61822078227567
22111,6.457831325301205,11.232313995459196,49.03455064162927,94.23936991873771,193.73493975903617,72.53638917549553
21617,10.692307692307692,6.762452900447383,29.521418235162493,104.36757208131633,320.7692307692308,72.30622716632202
23567,9.88888888888889,7.304869000270376,31.889330112123712,101.11155233434594,296.6666666666667,72.23703789156261
23158,8.763157894736842,8.224663668557028,35.9046842288476,97.24678949200549,262.89473684210526,72.0740263586708
22939,6.0625,11.879779739821217,51.8610556559544,94.2985556559544,181.875,72.02116467266613
21666,12.0,6.0,26.192937979539444,110.19293797953944,360.0,72.0
22383,6.8108108108108105,10.54558374910259,46.036636849713865,93.71231252538954,204.32432432432432,71.82397580469872
23506,9.057692307692308,7.909818821301915,34.53023230262581,97.93407845647198,271.7307692307692,71.6447050929462
23575,7.454545454545454,9.580373154713223,41.823019977041355,94.00483815885954,223.63636363636363,71.41732715331675
79190D,10.0,7.0710678118654755,30.86867344088502,100.86867344088502,300.0,70.71067811865476
23100,8.818181818181818,8.015195359026293,34.99025248881135,96.71752521608408,264.54545454545456,70.67944998414096
22990,6.3,11.140726613362533,48.63472687180156,92.73472687180157,189.0,70.18657766418396
20682,6.451612903225806,10.877618335148613,47.48613040294146,92.6474207255221,193.54838709677418,70.1781828074104
22303,9.115384615384615,7.695853029141983,33.59616684866112,97.40385915635343,273.46153846153845,70.15066030410192
23351,8.12037037037037,8.63455088701331,37.69404264411949,94.53663523671209,243.61111111111111,70.11575118435807
21677,8.833333333333334,7.918141808339233,34.56656621650465,96.39989954983798,265.0,69.94358597366323
17012F,7.882352941176471,8.85919263351052,38.67471386638897,93.85118445462427,236.47058823529414,69.83128311120058
23223,8.423076923076923,8.280932686228414,36.15032604385364,95.1118645053921,252.6923076923077,69.75093301092396
21679,10.357142857142858,6.720887565666432,29.33996519582645,101.83996519582645,310.7142857142857,69.60919264440234
22306,9.25,7.488562707794563,32.69124309352583,97.44124309352583,277.5,69.26920504709972
23082,7.6231884057971016,9.063666069849766,39.56734053913849,92.9296593797182,228.69565217391306,69.09403409769533
84820,9.0,7.6681158050723255,33.4750802836976,96.4750802836976,270.0,69.01304224565092
21942,8.142857142857142,8.474050024015897,36.99337778576053,93.99337778576053,244.28571428571428,69.00297876698659
47504H,7.551724137931035,9.089185909233612,39.67874713417664,92.54081609969388,226.55172413793105,68.6390246249021
23274,7.12,9.623408959407264,42.01089233758312,91.85089233758313,213.6,68.51867179097972
22734,7.62037037037037,8.989835997581542,39.24503612181408,92.58762871440668,228.61111111111111,68.50587987045934
21616,7.327272727272727,9.345338599288608,40.79697905482709,92.08788814573617,219.8181818181818,68.47584464569653
23437,12.791666666666666,5.348540367050717,23.34899768587043,112.89066435253709,383.75,68.41674552852375
23237,7.333333333333333,9.32349377818659,40.701615714110545,92.03494904744387,220.0,68.37228770670166
22838,5.5,12.41432175414286,54.194593294051884,92.69459329405188,165.0,68.27876964778572
22615,7.363636363636363,9.265772793164391,40.44963535064315,91.9950898960977,220.9090909090909,68.22978147693779
21293,7.0,9.72111104761179,42.43740979371856,91.43740979371856,210.0,68.04777733328254
15056BL,6.59375,10.310844197470745,45.01188376350757,91.16813376350757,197.8125,67.98712892707273
23088,9.5,7.148426400264607,31.206381558905548,97.70638155890555,285.0,67.91005080251377
23433,11.882352941176471,5.710542366329757,24.929313671801292,108.1057842600366,356.47058823529414,67.85467988227123
21675,8.125,8.339878382121135,36.40765286996678,93.28265286996678,243.75,67.76151185473422
21983,8.15,8.286164753116456,36.17316657777085,93.22316657777085,244.5,67.53224273789911
21880,9.11111111111111,7.406828681096324,32.33443404483833,96.1122118226161,273.3333333333333,67.48443909443317
11001,9.125,7.376361859732363,32.20143145110167,96.07643145110167,273.75,67.30930197005782
84030E,6.083333333333333,11.028916794033654,48.14662226127076,90.72995559460409,182.5,67.09257716370472
23370,8.608695652173912,7.715722075720357,33.682904966117775,93.94377453133515,258.2608695652174,66.4223030866361
23474,12.055555555555555,5.49301398272197,23.97969576169659,108.36858465058548,361.6666666666667,66.22133523614819
22236,7.166666666666667,9.239408350466315,40.334541648567175,90.50120831523384,215.0,66.21575984500859
20981,8.58974358974359,7.707542268924671,33.64719610410378,93.7754012323089,257.6923076923077,66.20581179717345
85034C,7.656716417910448,8.605058834172771,37.5652953922959,91.16231031766904,229.70149253731344,65.886495252696
22714,10.636363636363637,6.168836637044739,26.92999257333726,101.38453802788271,319.0909090909091,65.61398968493042
23135,6.666666666666667,9.814954576223638,42.847082747837106,89.51374941450378,200.0,65.43303050815759
23579,6.454545454545454,10.102933438821818,44.10425149574584,89.28606967756403,193.63636363636363,65.20984310512264
22227,8.916666666666666,7.300486384431887,31.870197847982762,94.28686451464942,267.5,65.09600359451765
23023,8.714285714285714,7.454624643228429,32.543086823471434,93.54308682347143,261.4285714285714,64.96172903384773
23389,5.0,12.98900634052835,56.703372915550624,91.70337291555063,150.0,64.94503170264176
22209,5.269230769230769,12.320901565413767,53.786768425815545,90.67138381043094,158.07692307692307,64.92167363314176
23333,8.222222222222221,7.863666174018364,34.32875339797754,91.8843089535331,246.66666666666663,64.65681076415099
22680,9.4,6.8507907086214015,29.90705602362091,95.70705602362091,282.0,64.39743266104118
20686,6.444444444444445,9.976360948651456,43.55170059825448,88.6628117093656,193.33333333333334,64.29210389130938
47590A,5.529411764705882,11.608820176157131,50.678184481618324,89.38406683455949,165.88235294117646,64.18994685639825
85062,9.666666666666666,6.637816362374456,28.977318716541042,96.6439853832077,290.0,64.16555816961973
84609,8.0,8.0,34.923917306052594,90.9239173060526,240.0,64.0
21070,6.4375,9.939609314924473,43.39126172111155,88.45376172111155,193.125,63.986234964826295
22643,6.818181818181818,9.378893131048907,40.94346101638209,88.67073374365481,204.54545454545456,63.946998620788
22906,6.216216216216216,10.22560820015431,44.63978689828531,88.15330041179882,186.48648648648648,63.56459151447274
84661B,6.125,10.37080379857663,45.27363678234829,88.14863678234829,183.75,63.521173266281856
22302,8.583333333333334,7.395160971682865,32.28349877999999,92.36683211333332,257.5,63.47513167361126
15056P,5.647058823529412,11.23577532076997,49.04966102149463,88.57907278620051,169.41176470588238,63.44908416434807
22815,13.428571428571429,4.720774754816659,20.608493394714717,114.60849339471471,402.8571428571429,63.393260993252284
20846,8.714285714285714,7.258189766141327,31.685552398044614,92.6855523980446,261.4285714285714,63.24993939066013
23415,8.666666666666666,7.2517746306761115,31.657547190482827,92.32421385714949,260.0,62.84871346585963
23087,14.0,4.47213595499958,19.523063284228733,117.52306328422873,420.0,62.609903369994115
22532,6.8,9.197825830053535,40.15301358553303,87.75301358553304,204.0,62.545215644364035
23562,6.5675675675675675,9.520564118850372,41.56192424921274,87.53489722218572,197.02702702702703,62.526948131909194
79190A,12.5,5.0,21.827448316282872,109.32744831628287,375.0,62.5
85049H,8.444444444444445,7.401201103724839,32.309866913993936,91.42097802510506,253.33333333333334,62.499031542565305
22851,6.516129032258065,9.587738585443166,41.85517368875835,87.4680769145648,195.48387096774195,62.47494175030708
16225,6.071428571428571,10.248499696626137,44.73971948950954,87.23971948950954,182.14285714285714,62.22303387237297
85053,7.230769230769231,8.585365573130332,37.47932466477932,88.09470928016393,216.92307692307693,62.078797221096245
85049G,6.045454545454546,10.246845148524276,44.73249657687351,87.05067839505533,181.36363636363637,61.94683657971495
22716,10.6,5.840743592581831,25.497705779148056,99.69770577914807,318.0,61.91188208136741
22637,5.588235294117647,11.040034100544094,48.195154747925336,87.31280180674887,167.6470588235294,61.69430820892288
23329,7.064516129032258,8.723194947374472,38.081017373335236,87.53263027656104,211.93548387096774,61.625151402419654
35819B,7.5,8.211490207542807,35.84717562096071,88.34717562096071,225.0,61.586176556571054
84836,7.564516129032258,8.127308686357503,35.47968206038905,88.43129496361486,226.93548387096774,61.479157643575306
23272,8.636363636363637,7.117200675444345,31.070065979975,91.52461143452045,259.0909090909091,61.466733106110254
21365,8.0,7.634508123364221,33.32836629659486,89.32836629659485,240.0,61.07606498691377
84813,9.0,6.782329983125268,29.608191434128496,92.6081914341285,270.0,61.04096984812741
22483,6.136363636363637,9.924934710330795,43.32719988644547,86.28174534099092,184.0909090909091,60.90300844975716
22689,6.25,9.70640436589604,42.37320792670765,86.12320792670765,187.5,60.66502728685025
21215,6.0,10.099504938362077,44.08928441242837,86.08928441242837,180.0,60.597029630172464
21390,7.2272727272727275,8.371902089056261,36.54745203157123,87.13836112248032,216.8181818181818,60.50601964363389
21640,7.166666666666667,8.440522746988142,36.84701480445872,87.0136814711254,215.0,60.49041302008169
23521,7.454545454545454,8.091521937974788,35.32345538024274,87.50527356206092,223.63636363636363,60.31861808308478
22809,6.75,8.905578141473931,38.87720932192814,86.12720932192815,202.5,60.112652454949036
85174,5.75,10.437040681238056,45.56279320893309,85.81279320893309,172.5,60.012983917118824
85129D,6.0,10.0,43.654896632565745,85.65489663256574,180.0,60.0
21680,11.4,5.253570214625479,22.934406467140153,102.73440646714015,342.0,59.89070044673046
22536,6.64,9.01794507265005,39.36774599846935,85.84774599846935,199.2,59.87915528239633
85066,5.382978723404255,11.103374323560505,48.47166583677185,86.15251690060163,161.48936170212767,59.76922774171931
21481,6.0588235294117645,9.828049905187031,42.90425027106374,85.3160149769461,181.76470588235293,59.54642001378024
21974,8.735294117647058,6.8015542944215595,29.69211496637568,90.83917378990509,262.0588235294117,59.41357721891774
21917,6.96969696969697,8.520141021738022,37.19458755988564,85.98246634776443,209.0909090909091,59.38280106059833
23245,6.357142857142857,9.331586525264985,40.736944517828626,85.23694451782862,190.7142857142857,59.32222862489883
22600,8.472727272727273,6.999615189038095,30.556747754519513,89.86583866361042,254.1818181818182,59.30583051075913
48185,5.826086956521739,10.178641514613036,44.434754318037456,85.21736301368963,174.7826086956522,59.301650563397686
22738,7.891304347826087,7.492895185498697,32.71015648015951,87.94928691494212,236.7391304347826,59.128716355131026
22731,7.035714285714286,8.40406490207607,36.68785845935046,85.93785845935045,211.07142857142856,59.12859948960664
22296,8.48,6.970891860682773,30.431356361490035,89.79135636149003,254.4,59.11316297858992
22286,7.0,8.406346808612328,36.697820098747016,85.69782009874702,210.0,58.8444276602863
23148,7.621621621621622,7.693255889815844,33.58482906377883,86.93618041513018,228.64864864864865,58.635085430488324
21918,7.44,7.879604258165895,34.39833093957571,86.47833093957571,223.20000000000002,58.62425568075427
23565,10.928571428571429,5.356007205634921,23.381594092526974,99.88159409252697,327.8571428571429,58.53350731872449
23358,8.583333333333334,6.81377547559971,29.745466406481682,89.82879973981503,257.5,58.48490616556418
20914,6.980952380952381,8.34586603376066,36.4337919013063,85.30045856797297,209.42857142857144,58.262093359491075
10135,10.117647058823529,5.743282521141291,25.072240479204464,95.89576989096916,303.52941176470586,58.108505508017764
23006,6.545454545454546,8.835877278048132,38.57293092312276,84.39111274130458,196.36363636363637,57.834833092678686
22732,8.3,6.943729877766316,30.31278100583469,88.4127810058347,249.00000000000003,57.63295798546043
22733,8.066666666666666,7.136334684365127,31.15359529813533,87.620261964802,242.0,57.566433120545355
22279,8.461538461538462,6.802148981699149,29.69471106753887,88.9254802983081,253.84615384615384,57.55664522976203
22620,8.166666666666666,7.039126066114167,30.729232079981312,87.89589874664797,244.99999999999997,57.486196206599026
22753,6.980392156862745,8.215814496636185,35.866053260298784,84.728798358338,209.41176470588235,57.34960707455846
22976,7.818181818181818,7.318718218625196,31.94978873169586,86.67706145896858,234.54545454545456,57.219069709251535
23432,11.133333333333333,5.1390197323540034,22.434337520862968,100.3676708541963,334.0,57.21441968687457
23417,7.909090909090909,7.2312453347199535,31.567926761192286,86.93156312482866,237.27272727272728,57.19257673823963
84559A,7.8,7.328028384224504,31.990432163382852,86.59043216338286,234.0,57.15862139695113
22348,8.476190476190476,6.736279986787581,29.40716065112332,88.74049398445666,254.28571428571428,57.097992268961406
22916,7.916666666666667,7.204270618981158,31.450168918465288,86.86683558513195,237.5,57.03380906693417
23569,5.508196721311475,10.29181324460405,44.92880433548609,83.48618138466642,165.24590163934425,56.68933197027805
21984,6.375,8.87599759651462,38.74807575867478,83.37307575867479,191.25,56.58448467778071
22092,5.35,10.514526292605613,45.90105584440927,83.35105584440927,160.5,56.25271566544002
21967,7.083333333333333,7.939535999292276,34.65996233596389,84.24329566929723,212.5,56.23837999498695
21218,5.84375,9.622250340377931,42.00583439818692,82.91208439818692,175.3125,56.23002542658354
22667,6.71875,8.36179662854478,36.503336748165914,83.5345867481659,201.5625,56.180821098035246
22971,7.533333333333333,7.440491888324984,32.48139042802711,85.21472376136045,226.0,56.05170555871488
23564,9.5,5.89915248150105,25.752689179967202,92.2526891799672,285.0,56.04194857425997
22602,8.833333333333334,6.332400080549384,27.644027095243434,89.47736042857677,265.0,55.93620071151956
85048,6.402777777777778,8.71886367163575,38.06210923386913,82.88155367831357,192.08333333333334,55.824946564223346
21935,6.6,8.447763365669813,36.87862365046914,83.07862365046913,198.0,55.75523821342076
22778,5.555555555555555,10.013879257199868,43.715486386405445,82.60437527529433,166.66666666666666,55.63266253999927
21162,6.545454545454546,8.489298075705777,37.0599429977975,82.87812481597932,196.36363636363637,55.56631467734691
22379,6.891304347826087,8.017282057792587,34.99936195070594,83.23849238548854,206.7391304347826,55.24953070261413
85114C,6.5625,8.406098976338548,36.6967381895176,82.6342381895176,196.875,55.16502453222172
22210,5.075,10.823496520213649,47.24986217928619,82.77486217928619,152.25,54.929244840084266
20679,5.571428571428571,9.856107606091623,43.02673587433748,82.02673587433748,167.14285714285714,54.91259951965333
21136,10.148936170212766,5.393146711555224,23.543726221720515,94.58627941320988,304.46808510638294,54.73470173216685
23576,6.379310344827586,8.566603732366122,37.397420042859494,82.0525924566526,191.3793103448276,54.649023809921815
20616,5.75,9.5,41.47215180093745,81.72215180093745,172.5,54.625
22695,6.902439024390244,7.905077096552507,34.50953235224626,82.82660552297796,207.0731707317073,54.564312642057544
23240,6.816091954022989,7.981852579200977,34.84469492813969,82.55733860630062,204.48275862068965,54.40504114328942
22638,6.181818181818182,8.772892132223921,38.297969920088455,81.57069719281573,185.45454545454544,54.232424090111515
22900,6.232558139534884,8.687257250605969,37.92413172957109,81.55203870631527,186.97674418604652,54.143835887497666
21485,5.698412698412699,9.469335639859716,41.33828685371468,81.22717574260358,170.95238095238096,53.96018245570854
47590B,5.142857142857143,10.484682705192913,45.77077397204464,81.77077397204464,154.2857142857143,53.92122534099213
23375,11.789473684210526,4.565315461516094,19.929837456753926,102.45615324622761,353.6842105263158,53.82266649366342
23570,7.745098039215686,6.940090826575294,30.29689476547622,84.51258103998603,232.35294117647058,53.75168385288708
21509,10.333333333333334,5.180090089306685,22.613629739606154,94.9469630729395,310.0,53.52759758950241
23264,7.421686746987952,7.151872485371738,31.22142540781943,83.1732326367351,222.65060240963857,53.078957240831215
90214P,8.333333333333334,6.3508529610858835,27.724582954482834,86.05791628781617,250.00000000000003,52.9237746757157
85169D,8.333333333333334,6.350852961085883,27.724582954482827,86.05791628781617,250.00000000000003,52.92377467571569
22407,8.333333333333334,6.350852961085883,27.724582954482827,86.05791628781617,250.00000000000003,52.92377467571569
23504,7.5,7.056192675406742,30.80373618643489,83.30373618643489,225.0,52.921445065550564
22983,11.75,4.500895968152234,19.64861482436177,101.89861482436177,352.5,52.88552762578875
23475,11.411764705882353,4.624105636896336,20.186485359677413,100.06883830085388,342.3529411764706,52.769205503405246
21311,6.571428571428571,8.017837257372731,35.0017856687341,81.0017856687341,197.14285714285714,52.68864483416366
23359,8.5,6.176330530624913,26.96270708829905,86.46270708829906,255.0,52.49880951031176
22150,6.369047619047619,8.240042931670768,35.97182224299914,80.55515557633247,191.07142857142856,52.481225814807864
23197,6.2592592592592595,8.371526731624815,36.545813412584224,80.36062822739905,187.77777777777777,52.39955620905903
23559,5.473684210526316,9.564799010797826,41.755031212764614,80.07082068644883,164.21052631578948,52.354689322261784
85071A,6.473684210526316,8.05100698361965,35.14658776579808,80.4623772394823,194.21052631578948,52.119676788695635
84356,6.5,8.017837257372731,35.0017856687341,80.5017856687341,195.0,52.11594217292275
47578A,8.857142857142858,5.871642911161277,25.632596435008296,87.6325964350083,265.7142857142857,52.005980070285595
22964,6.282051282051282,8.274719642090341,36.12320306389152,80.09756203825049,188.46153846153845,51.98221313620855
23473,11.925925925925926,4.3494113299823605,18.987310202289024,102.4687916837705,357.77777777777777,51.8707573427526
21114,8.857142857142858,5.843188953205018,25.508380975671507,87.50838097567151,265.7142857142857,51.753959299815875
23350,7.602409638554217,6.775025441471707,29.576303533045042,82.79317100292457,228.0722891566265,51.50651871769454
23332,6.567901234567901,7.773252651890549,33.93405410170995,79.90936274368525,197.03703703703704,51.053955688960144
90214S,9.25,5.5,24.01019314791116,88.76019314791117,277.5,50.875
21789,5.545454545454546,9.169118129500093,40.02769041551112,78.84587223369294,166.36363636363637,50.84692780904598
22241,6.5,7.7781745930520225,33.95554078497352,79.45554078497352,195.0,50.558134854838144
21726,6.5,7.7781745930520225,33.95554078497352,79.45554078497352,195.0,50.558134854838144
90214R,6.5,7.7781745930520225,33.95554078497352,79.45554078497352,195.0,50.558134854838144
90214F,6.5,7.7781745930520225,33.95554078497352,79.45554078497352,195.0,50.558134854838144
90214I,6.5,7.7781745930520225,33.95554078497352,79.45554078497352,195.0,50.558134854838144
20654,6.5,7.7781745930520225,33.95554078497352,79.45554078497352,195.0,50.558134854838144
85024B,6.5,7.7781745930520225,33.95554078497352,79.45554078497352,195.0,50.558134854838144
90089,6.5,7.7781745930520225,33.95554078497352,79.45554078497352,195.0,50.558134854838144
21747,6.5,7.7781745930520225,33.95554078497352,79.45554078497352,195.0,50.558134854838144
22258,6.5,7.7781745930520225,33.95554078497352,79.45554078497352,195.0,50.558134854838144
23495,8.277777777777779,6.056649778214662,26.440242000761327,84.38468644520577,248.33333333333337,50.135600941888036
21530,6.909090909090909,7.245061013608449,31.628238964570887,79.99187532820726,207.27272727272728,50.0567851849311
21159,6.0,8.34057656228299,36.41070076824645,78.41070076824644,180.0,50.04345937369794
22820,8.666666666666666,5.773502691896258,25.20416632225712,85.87083298892378,260.0,50.03702332976757
22246,8.666666666666666,5.773502691896258,25.20416632225712,85.87083298892378,260.0,50.03702332976757
22523,8.666666666666666,5.773502691896258,25.20416632225712,85.87083298892378,260.0,50.03702332976757
21204,8.666666666666666,5.773502691896257,25.20416632225712,85.87083298892378,260.0,50.03702332976756
22115,6.705882352941177,7.453001883580122,32.5360026830008,79.47717915358905,201.1764705882353,49.978953807537295
22396,7.705882352941177,6.47847113409438,28.281698769595113,82.22287524018336,231.1764705882353,49.922336386256696
46000M,7.277777777777778,6.849693471506208,29.90226604633639,80.84671049078084,218.33333333333334,49.8505469315174
23191,6.1875,8.046821098249547,35.12831432648331,78.44081432648332,185.625,49.78970554541907
22642,6.076923076923077,8.179868972682655,35.70913344703931,78.24759498550084,182.3076923076923,49.708434526302284
20685,5.396551724137931,9.207052322116452,40.19329174126181,77.96915381022733,161.8965517241379,49.686334083145674
23541,5.269230769230769,9.42149751284876,41.129450004738786,78.01406538935417,158.07692307692307,49.644044586933845
22730,5.405797101449275,9.172078538855443,40.040614051950904,77.88119376209583,162.17391304347825,49.58239557960986
84509E,7.0,7.0710678118654755,30.86867344088502,79.86867344088502,210.0,49.49747468305833
72799F,7.0,7.0710678118654755,30.86867344088502,79.86867344088502,210.0,49.49747468305833
21879,7.0,7.0710678118654755,30.86867344088502,79.86867344088502,210.0,49.49747468305833
23043,7.0,7.0710678118654755,30.86867344088502,79.86867344088502,210.0,49.49747468305833
90116,7.0,7.0710678118654755,30.86867344088502,79.86867344088502,210.0,49.49747468305833
23132,4.5,10.971889214769554,47.89766895347278,79.39766895347279,135.0,49.373501466463
23198,6.059523809523809,8.142334987435671,35.54527922242277,77.96194588908944,181.78571428571428,49.338672721485196
22144,6.855263157894737,7.196768861752792,31.4174200748286,79.40426218009176,205.6578947368421,49.33574443385796
23219,6.2,7.931283827848726,34.62393756682765,78.02393756682764,186.0,49.173959732662105
84380,6.830985915492958,7.197193729886189,31.419274832273185,79.23617624072389,204.92957746478874,49.16392899992679
48184,5.482758620689655,8.966687115792116,39.14397991764639,77.52329026247398,164.48275862068965,49.162181083136076
20755,6.285714285714286,7.809546144880059,34.09249297019913,78.09249297019913,188.57142857142856,49.08857576781752
22835,6.580882352941177,7.438194869683771,32.47136281689259,78.53753928748083,197.4264705882353,48.94988535563952
22682,9.4,5.18973345494095,22.655727752601546,88.45572775260155,282.0,48.783494476444936
21976,5.8,8.392936274650536,36.63927655135806,77.23927655135806,174.0,48.679030392973104
22965,7.565217391304348,6.408985786708319,27.978361203833472,80.93488294296391,226.95652173913044,48.485370734228155
23340,7.782608695652174,6.222806453530654,27.165597249334372,81.64385811889959,233.47826086956522,48.429667616608135
84031A,5.7368421052631575,8.431700140034748,36.8084998050007,76.9663945418428,172.10526315789474,48.3713323823046
47469,6.666666666666667,7.234178138070234,31.580729883902297,78.24739655056896,200.0,48.22785425380157
23478,9.8,4.919349550499537,21.4753696126516,90.07536961265161,294.0,48.20962559489546
21882,9.8,4.919349550499537,21.4753696126516,90.07536961265161,294.0,48.20962559489546
23482,6.444444444444445,7.469327257069582,32.607270932217844,77.71838204332896,193.33333333333334,48.135664545559536
22728,6.051546391752577,7.952163141273546,34.7150859937596,77.07591073602764,181.5463917525773,48.12288416420177
22726,6.2,7.758288778855774,33.86872946865435,77.26872946865436,186.0,48.1013904289058
84051,6.5,7.395944834840239,32.286920726510914,77.78692072651091,195.0,48.07364142646155
23355,6.3713235294117645,7.517629053184876,32.81813192387589,77.41739662975823,191.13970588235293,47.89724687194629
23012,6.34375,7.55030174573261,32.96076422546378,77.36701422546378,190.3125,47.89722669949124
21714,7.2,6.62989860824097,28.942753842715103,79.3427538427151,216.0,47.73526997933499
90200A,7.5,6.363961030678928,27.78180609679651,80.28180609679652,225.0,47.72970773009196
90200D,7.5,6.363961030678928,27.78180609679651,80.28180609679652,225.0,47.72970773009196
23509,6.294117647058823,7.564429141402153,33.022437225227904,77.08126075463966,188.8235294117647,47.61140694882531
22123,7.421052631578948,6.397185053458054,27.92684522481059,79.87421364586322,222.63157894736844,47.473846975662404
22713,13.090909090909092,3.6181361349331636,15.79493589730582,107.43129953366946,392.72727272727275,47.364691220943236
17012C,6.166666666666667,7.661394761854377,33.44573963900335,76.61240630567002,185.0,47.245267698102
21216,5.923076923076923,7.959512934460634,34.7471714399449,76.20870990148336,177.6923076923077,47.14480738103607
21026,6.428571428571429,7.276838664721168,31.76696397202603,76.76696397202603,192.85714285714286,46.779677130350365
20837,9.0,5.196152422706632,22.68374969003141,85.6837496900314,270.0,46.76537180435969
23455,5.764705882352941,8.097294391992193,35.34865496858735,75.70159614505793,172.94117647058823,46.678520612660876
22587,6.5675675675675675,7.100628065102335,30.997718420833774,76.97069139380675,197.02702702702703,46.63385458972614
22327,5.08,9.173875952943773,40.0484606445741,75.60846064457411,152.4,46.60328984095437
22208,5.833333333333333,7.985509475413632,34.860659070755645,75.69399240408897,175.0,46.58213860657952
22023,9.0,5.131601439446884,22.40195303985793,85.40195303985793,270.0,46.184412955021955
23037,8.5,5.431390245600108,23.71067797427986,83.21067797427986,255.0,46.16681708760092
21591,5.914285714285715,7.8041144072003625,34.06878077550489,75.4687807755049,177.42857142857144,46.15576235115643
84510A,7.7368421052631575,5.961376661133436,26.024328192957004,80.18222292979911,232.10526315789474,46.122229957190264
22756,7.466666666666667,6.151721560743751,26.855276884659446,79.12194355132611,224.0,45.93285432022001
85035C,6.185185185185185,7.3904149828161625,32.262780214660474,75.55907651095677,185.55555555555554,45.711085264085156
22408,10.166666666666666,4.490731195102493,19.604240612683775,90.77090727935044,305.0,45.655767150208675
22233,6.0,7.599342076785332,33.17484928375712,75.17484928375711,180.0,45.59605246071199
23101,7.586956521739131,6.0058345222940295,26.218408526304074,79.32710417847798,227.60869565217394,45.5660053974047
22650,7.05,6.443887352408197,28.130723628127758,77.48072362812776,211.5,45.42940583447779
22442,7.769230769230769,5.839915700129188,25.494091623203747,79.87870700781913,233.07692307692307,45.37165274715753
21096,8.0,5.656854249492381,24.694938752708012,80.69493875270801,240.0,45.254833995939045
23265,6.704545454545454,6.741804886256123,29.431279542643768,76.36309772446195,201.13636363636363,45.20073730558082
22468,6.2727272727272725,7.198484689028784,31.424910501065874,75.33400141015679,188.1818181818182,45.15413123118055
22603,7.745098039215686,5.809795649607314,25.362602853993742,79.57828912850354,232.35294117647058,44.99743689401743
22187,7.285714285714286,6.171169527191205,26.94017678115717,77.94017678115716,218.57142857142856,44.961377983821635
22685,7.0,6.422616289332565,28.037865022144608,77.03786502214462,210.0,44.95831402532795
22601,8.73076923076923,5.149206619319763,22.47880827061276,83.59419288599737,261.9230769230769,44.956534714830234
21060,7.8,5.761944116355173,25.153707480210546,79.75370748021055,234.0,44.94316410757035
22380,6.592592592592593,6.8120891365687815,29.73810471087342,75.88625285902157,197.77777777777777,44.90932838182382
21916,5.195652173913044,8.637436773120935,37.70664095009166,74.07620616748297,155.8695652173913,44.87711714730226
84828,6.3,7.1188326134119615,31.077190188303703,75.17719018830371,189.0,44.848645464495355
22439,6.828571428571428,6.546151605358383,28.577157167302452,76.37715716730244,204.85714285714286,44.70086381944724
22661,8.673913043478262,5.138328080118785,22.431318120179554,83.14870942452738,260.21739130434787,44.56941095581294
23108,5.660714285714286,7.853839329130193,34.28585440819581,73.9108544081958,169.82142857142856,44.458340488111986
22138,5.744565217391305,7.735022391346422,33.76716029448095,73.97911681622008,172.33695652173913,44.43434058507157
85014B,4.933333333333334,8.990160649607278,39.24645338687658,73.77978672020991,148.0,44.35145920472924
22493,6.7631578947368425,6.548918666781958,28.589236745344664,75.93134200850255,202.89473684210526,44.29137098323588
22405,9.0,4.847679857416329,21.16249630832809,84.16249630832809,270.0,43.629118716746966
21117,8.2,5.310367218940701,23.182353202382192,80.58235320238218,245.99999999999997,43.54501119531375
22142,7.104761904761904,6.126744350549999,26.74623913174164,76.47957246507497,213.14285714285714,43.529059862002846
23032,8.333333333333334,5.220153254455275,22.78852507293967,81.121858406273,250.00000000000003,43.50127712046063
79066K,5.857142857142857,7.397876143094815,32.29535183273283,73.29535183273282,175.7142857142857,43.330417409555345
21494,7.0,6.181029704274864,26.983221282293762,75.98322128229375,210.0,43.26720792992405
22675,6.230769230769231,6.930053464847225,30.253076766605968,73.86846138199058,186.92307692307693,43.17956389635579
20838,9.333333333333334,4.618802153517006,20.163333057805694,85.49666639113903,280.0,43.10882009949206
21672,9.5,4.531372124791048,19.7816581711443,86.2816581711443,285.0,43.048035185514955
21158,5.774193548387097,7.392382013123847,32.271367265135986,72.69072210384567,173.2258064516129,42.68504452739254
21670,7.416666666666667,5.740145935629061,25.058547747572906,76.97521441423957,222.5,42.57274902258221
21883,8.777777777777779,4.8419463487779835,21.137466735633197,82.58191118007764,263.33333333333337,42.50152906149564
37446,6.0,7.0710678118654755,30.86867344088502,72.86867344088502,180.0,42.42640687119285
15030,8.0,5.291502622129181,23.1,79.1,240.0,42.33202097703345
21945,5.0,8.465616732800196,36.95656234013115,71.95656234013114,150.0,42.328083664000985
85150,5.5576923076923075,7.585883333052569,33.11609527711132,72.01994143095747,166.73076923076923,42.160005447157545
22403,7.666666666666667,5.498917642417936,24.005468127074714,77.67213479374138,230.0,42.15836859187085
48138,5.044444444444444,8.341995498014182,36.41689511751379,71.7280062286249,151.33333333333331,42.08073284553821
23303,8.5,4.949747468305833,21.608071408619512,81.10807140861951,255.0,42.072853480599576
85071B,5.8,7.251436639269031,31.656071692488947,72.25607169248894,174.0,42.058332507760376
23388,4.838709677419355,8.691362663370834,37.942053866559505,71.81302160849499,145.16129032258064,42.05498062921371
23338,4.8125,8.737894852400828,38.14518965677865,71.83268965677865,144.375,42.05111897717899
21902,5.76,7.2759879054324985,31.76324999114543,72.08324999114544,172.79999999999998,41.90969033529119
23284,5.336206896551724,7.846288477908566,34.252891245239006,71.60633952110108,160.08620689655172,41.86941868815002
23490,6.0,6.967712652502478,30.41747756104162,72.41747756104162,180.0,41.80627591501487
22410,8.2,5.094659513211413,22.240683442736195,79.64068344273619,245.99999999999997,41.77620800833358
20704,7.4,5.639148871948674,24.617646110056906,76.4176461100569,222.0,41.72970165242019
22496,6.35,6.5395557550711505,28.54836305105315,72.99836305105315,190.5,41.526179044701806
21944,5.846153846153846,7.0574565041303865,30.80925341766408,71.732330340741,175.3846153846154,41.25897648568533
23489,6.481927710843373,6.363695516667723,27.780646998125146,73.15414097402876,194.45783132530119,41.24901431285825
90214G,7.75,5.315072906367325,23.202895832201637,77.45289583220163,232.5,41.19181502434677
90214E,7.75,5.315072906367325,23.202895832201637,77.45289583220163,232.5,41.19181502434677
90214K,7.75,5.315072906367325,23.202895832201637,77.45289583220163,232.5,41.19181502434677
21062,7.857142857142857,5.241773600241666,22.882908468986194,77.88290846898619,235.7142857142857,41.185364001898805
22808,6.75,6.075908711186061,26.524316673573328,73.77431667357332,202.5,41.012383800505916
85025B,6.75,6.075908711186061,26.524316673573328,73.77431667357332,202.5,41.012383800505916
23431,9.4,4.351245032554859,18.99531521191475,84.79531521191475,282.0,40.901703306015676
22471,4.846153846153846,8.434513954047716,36.820783480988645,70.74386040406557,145.3846153846154,40.874952238846625
23311,7.419354838709677,5.505575396705402,24.034532484597147,75.97001635556488,222.5806451612903,40.847817459427176
22285,7.25,5.619905100029122,24.533637622660038,75.28363762266004,217.5,40.74431197521113
72819,7.777777777777778,5.214829282387338,22.76528332790963,77.20972777235407,233.33333333333334,40.559783307457074
22568,6.591836734693878,6.143826058691422,26.820809152063784,72.96366629492093,197.75510204081633,40.49909830525162
21408,5.619047619047619,7.172699564851372,31.31234580800359,70.64567914133693,168.57142857142856,40.30374041202199
23189,5.913043478260869,6.815177203580663,29.751585635493228,71.14288998331932,177.39130434782606,40.29843911682479
23159,6.064516129032258,6.637948899426527,28.977897305671856,71.42951020889767,181.93548387096774,40.2559481642641
23349,7.044943820224719,5.708665885300153,24.92112191326326,74.2357286548363,211.34831460674158,40.21723045037299
22334,8.6,4.669047011971501,20.382676468020584,80.58267646802058,258.0,40.15380430295491
22565,6.105263157894737,6.573471405261414,28.696421471381374,71.43326357664453,183.1578947368421,40.13277279001706
48187,4.293103448275862,9.33773446487311,40.76378328463822,70.81550742256925,128.79310344827587,40.08786003023111
23130,5.071428571428571,7.89996251038606,34.4872046792048,69.98720467920481,152.14285714285714,40.064095588386444
37447,10.0,4.0,17.461958653026297,87.4619586530263,300.0,40.0
20978,6.325581395348837,6.315969669672033,27.572300306395302,71.85137007383716,189.7674418604651,39.952180236064954
21463,4.310344827586207,9.231558637459186,40.300273807575024,70.47268760067848,129.31034482758622,39.791201023530974
21238,7.423076923076923,5.3529287454482475,23.368155106403307,75.32969356794177,222.6923076923077,39.73520184121199
21429,5.653846153846154,7.001077271124739,30.563130458755595,70.14005353567867,169.6153846153846,39.583013802128335
22617,4.938271604938271,8.00522591656904,34.94673099081578,69.51463222538368,148.14814814814815,39.53197983490884
21770,4.868421052631579,8.087932460993901,35.307785555586186,69.38673292400725,146.05263157894737,39.37546066536505
37500,5.666666666666667,6.9325757161827,30.26408762873912,69.93075429540579,170.0,39.2845957250353
23426,4.979166666666667,7.883431543928155,34.41503891600918,69.26920558267585,149.375,39.252919562475604
23321,5.857142857142857,6.697547525560596,29.23807449200443,70.23807449200443,175.7142857142857,39.22849264971206
90214A,6.5,6.024948132556827,26.30184879433383,71.80184879433384,195.0,39.16216286161938
21673,8.157894736842104,4.798879011402754,20.94945671949765,78.05471987739239,244.73684210526312,39.14874982986456
23266,6.425531914893617,6.086278170777997,26.569584442235477,71.5483078464908,192.76595744680853,39.107574629254366
23305,9.666666666666666,4.041451884327381,17.642916425579987,85.30958309224664,290.0,39.06736821516468
23304,9.666666666666666,4.041451884327381,17.642916425579987,85.30958309224664,290.0,39.06736821516468
85179C,8.8,4.43846820423443,19.376087066278373,80.97608706627838,264.0,39.058520197262986
35004G,6.666666666666667,5.853773711604051,25.554588629050553,72.22125529571723,200.0,39.02515807736034
21745,5.0,7.7986012731887895,34.04471324596522,69.04471324596523,150.0,38.99300636594395
22031,8.714285714285714,4.461475305855889,19.476524330588347,80.47652433058835,261.4285714285714,38.87857052245846
23435,9.642857142857142,4.030788104980556,17.596363807070173,85.09636380707018,289.2857142857143,38.86831386945536
22821,9.0,4.312771730569565,18.827360409786607,81.8273604097866,270.0,38.81494557512609
23660,8.722222222222221,4.443177924116868,19.396647299741993,80.45220285529754,261.66666666666663,38.75438522701934
23345,6.423076923076923,6.021116686616042,26.28512265668401,71.24666111822248,192.6923076923077,38.67409564095689
22918,7.2,5.361236531142525,23.404422658976227,73.80442265897622,216.0,38.600903024226184
22947,5.868421052631579,6.56432229322072,28.656481117339748,69.7354284857608,176.05263157894737,38.52220714179528
22810,5.7,6.74137625757188,29.429408368553336,69.32940836855333,171.0,38.42584466815972
21620,6.873015873015873,5.589425683152601,24.400580043343496,72.51169115445461,206.19047619047618,38.41621144135041
84032A,4.8108108108108105,7.9576582186171025,34.739074697101685,68.41475037277736,144.32432432432432,38.28278818686065
21899,5.225806451612903,7.3153249069760165,31.93497526476716,68.51562042605748,156.7741935483871,38.22847209451982
22613,5.5,6.947606117881956,30.329702691991816,68.82970269199181,165.0,38.21183364835076
21394,9.0,4.242640687119285,18.521204064531005,81.521204064531,270.0,38.18376618407356
20836,9.0,4.242640687119285,18.521204064531005,81.521204064531,270.0,38.18376618407356
84206A,9.0,4.242640687119285,18.521204064531005,81.521204064531,270.0,38.18376618407356
90214M,9.0,4.242640687119285,18.521204064531005,81.521204064531,270.0,38.18376618407356
90214J,9.0,4.242640687119285,18.521204064531005,81.521204064531,270.0,38.18376618407356
21814,7.75,4.924428900898052,21.49754346431238,75.74754346431237,232.5,38.1643239819599
21061,7.625,4.983902658989812,21.757175540496977,75.13217554049697,228.75,38.002257774797314
21422,5.25,7.22841614740048,31.55557597319371,68.30557597319371,157.5,37.94918477385252
22801,5.703703703703703,6.643764079164848,29.00328341270948,68.9292093386354,171.1111111111111,37.89406178486617
22472,4.947368421052632,7.655598417792232,33.420435758915374,68.0520147062838,148.42105263157896,37.87506585644578
22917,7.357142857142857,5.12320727154902,22.36530838666816,73.86530838666816,220.7142857142857,37.69216778353921
21462,6.266666666666667,6.005552985917839,26.21717948216398,70.08384614883065,188.0,37.63479871175179
22495,5.611111111111111,6.678665672377881,29.155645957112156,68.43342373488993,168.33333333333331,37.47473516167589
84876B,4.75,7.887603293414656,34.43325064527019,67.68325064527019,142.5,37.46611564371961
85036B,6.0,6.2289646009589745,27.192480578277515,69.19248057827751,180.0,37.37378760575385
21523,4.5777777777777775,8.13379283351782,35.50798853779244,67.5524329822369,137.33333333333331,37.23469608232602
21189,7.375,5.040904113917888,22.00601480277608,73.63101480277608,221.25,37.176667840144425
22921,6.916666666666667,5.36755121639338,23.431989352165555,71.84865601883223,207.5,37.125562580054215
21428,4.178571428571429,8.87382155526631,38.73857627309846,67.98857627309846,125.35714285714286,37.07989721307709
22919,7.0,5.274294437949195,23.024877849838855,72.02487784983886,210.0,36.92006106564437
21993,6.25,5.899224309824735,25.75300274577178,69.50300274577178,187.5,36.870151936404596
23141,6.666666666666667,5.507570547286102,24.04324229383383,70.7099089605005,200.0,36.71713698190735
85049E,6.290909090909091,5.836261891138271,25.47814095782239,69.51450459418604,188.72727272727272,36.71539298788803
20970,5.523809523809524,6.641473885928336,28.993285597808626,67.6599522644753,165.71428571428572,36.686236703223194
23216,5.571428571428571,6.58336231272891,28.73960012569095,67.73960012569094,167.14285714285714,36.67873288520392
23122,6.9375,5.284805262889699,23.070762747468926,71.63326274746893,208.125,36.66333651129729
22109,6.127659574468085,5.969549619879192,26.060007159879827,68.95362418115643,183.82978723404256,36.57936788351505
47599B,8.4,4.33589667773576,18.92831212760398,77.72831212760399,252.0,36.421532092980385
21868,6.095238095238095,5.8472622816559365,25.52616304891904,68.1928297155857,182.85714285714283,35.64045581199809
72800E,5.1,6.964689264549003,30.404278992182707,66.1042789921827,153.0,35.51991524919991
23481,6.125,5.795112883571237,25.298505390635235,68.17350539063523,183.75,35.49506641187383
23453,6.55,5.394685493978992,23.550443760485475,69.40044376048547,196.5,35.335189985562394
23320,6.229007633587786,5.658981813142692,24.704226609831366,68.30728004494587,186.87022900763358,35.24984091240027
90214C,6.4,5.504543577809154,24.030028089871227,68.83002808987123,192.0,35.22907889797859
20839,8.166666666666666,4.3089055068157,18.810482449953266,75.97714911661993,244.99999999999997,35.189394972328216
22453,6.444444444444445,5.433946795633703,23.721838567025117,68.83294967813623,193.33333333333334,35.01876823852831
23273,7.05,4.957450533235171,21.64169905894393,70.99169905894394,211.5,34.950026259307954
22486,6.333333333333333,5.507570547286102,24.04324229383383,68.37657562716716,190.0,34.88128013281198
85020,6.333333333333333,5.507570547286102,24.04324229383383,68.37657562716716,190.0,34.88128013281198
22447,6.333333333333333,5.507570547286102,24.04324229383383,68.37657562716716,190.0,34.88128013281198
22394,6.6,5.272570530585627,23.017352150062784,69.21735215006278,198.0,34.79896550186513
22892,10.0,3.4641016151377544,15.12249979335427,85.12249979335427,300.0,34.64101615137754
90214D,10.0,3.4641016151377544,15.12249979335427,85.12249979335427,300.0,34.64101615137754
23031,7.409090909090909,4.635875536653459,20.237866735404697,72.10150309904107,222.27272727272728,34.347623294296085
22228,6.444444444444445,5.31768537784794,23.21430054944581,68.32541166055692,193.33333333333334,34.26952799057561
23528,5.857142857142857,5.814595756329394,25.383557670271514,66.38355767027151,175.7142857142857,34.05691800135788
20717,5.413793103448276,6.276471036334888,27.399869430849233,65.29642115498716,162.41379310344828,33.979515610502666
22314,5.115384615384615,6.641246407576958,28.992292543417065,64.79998485110937,153.46153846153845,33.972529700297514
90198B,6.0,5.656854249492381,24.694938752708012,66.69493875270801,180.0,33.941125496954285
85026B,6.0,5.656854249492381,24.694938752708012,66.69493875270801,180.0,33.941125496954285
82011C,6.0,5.656854249492381,24.694938752708012,66.69493875270801,180.0,33.941125496954285
82011B,6.0,5.656854249492381,24.694938752708012,66.69493875270801,180.0,33.941125496954285
23441,7.333333333333333,4.618802153517007,20.163333057805698,71.49666639113903,220.0,33.871215792458045
20726,6.25,5.41500592396966,23.639152387562667,67.38915238756266,187.5,33.843787024810375
21098,5.693333333333333,5.936541292918167,25.91590964973008,65.7692429830634,170.8,33.798708427680765
23529,5.714285714285714,5.908025211926732,25.79142299292538,65.79142299292538,171.42857142857144,33.760144068152755
78124,5.5,6.137317546507322,26.792396309400914,65.29239630940091,165.0,33.755246505790275
20652,5.857142857142857,5.756983337031395,25.132051249350894,66.1320512493509,175.7142857142857,33.71947383118388
21382,6.857142857142857,4.913538149119954,21.45,69.45,205.7142857142857,33.692833022536824
22082,6.557377049180328,5.136550691413887,22.423558948160732,68.32519829242302,196.72131147540983,33.68229961582877
21832,4.785714285714286,7.0151008696696735,30.624350333245165,64.12435033324516,143.57142857142856,33.572268447704865
22735,5.785714285714286,5.782202213159138,25.242143992405506,65.7421439924055,173.57142857142856,33.454169947563585
22312,5.7272727272727275,5.8405953560021695,25.497058653891823,65.58796774480092,171.8181818181818,33.45068249346697
85032B,6.333333333333333,5.280374318282414,23.05141950458736,67.38475283792069,190.0,33.442370682455284
22941,5.093023255813954,6.563047905601292,28.650917791360147,64.30208058205783,152.7906976744186,33.42575561224844
85014A,3.6538461538461537,9.103591852416528,39.74163613023113,65.31855920715421,109.61538461538461,33.263124076137316
22920,6.6,5.039841267341661,22.001374957033935,68.20137495703393,198.0,33.26295236445496
21668,7.476190476190476,4.445436397239844,19.406506640815085,71.73983997414842,224.28571428571428,33.23492925555502
21194,8.6,3.864367132317183,16.869854771159115,77.06985477115911,258.0,33.23355733792777
22505,4.176470588235294,7.95620812773497,34.73274434034496,63.96803845799202,125.29411764705883,33.2288692393637
22995,5.24,6.339558344238185,27.67527642138376,64.35527642138376,157.20000000000002,33.21928572380809
23241,4.890909090909091,6.77050445976743,29.556567234147256,63.79293087051089,146.72727272727272,33.113921812317066
22390,6.5,5.082650227325635,22.188257029338736,67.68825702933873,195.0,33.03722647761663
21881,5.6,5.856620185738529,25.56701488246135,64.76701488246135,168.0,32.79707304013576
21207,5.6,5.856620185738529,25.56701488246135,64.76701488246135,168.0,32.79707304013576
21154,5.446428571428571,6.017911576307825,26.27113078076389,64.39613078076388,163.39285714285714,32.77612554953369
23119,6.473684210526316,5.026246899500346,21.942028884744165,67.25781835842838,194.21052631578948,32.53833519150224
23494,4.443181818181818,7.323176803498453,31.969252637872817,63.07152536514555,133.29545454545456,32.53820602463517
22186,6.27027027027027,5.172838510746131,22.58197304835777,66.47386494024965,188.1081081081081,32.435095526840605
23425,8.0,4.053217416888887,17.69427873635995,73.69427873635995,240.0,32.425739335111096
84596G,6.473684210526316,5.004091892892717,21.845311432409183,67.1611009060934,194.21052631578948,32.394910675042325
85231B,5.809523809523809,5.573320801990925,24.330274351104226,64.9969410177709,174.28571428571428,32.37833989728061
84569D,5.666666666666667,5.686240703077327,24.823225012072864,64.48989167873954,170.0,32.22203065077152
21638,5.545454545454546,5.802820630755984,25.33215348129724,64.15033529947905,166.36363636363637,32.17927804328318
22479,6.5,4.949747468305833,21.608071408619512,67.10807140861951,195.0,32.17335854398791
22441,5.448275862068965,5.895435321964611,25.736461958434205,63.87439299291696,163.44827586206895,32.11995796104857
22085,7.0,4.58257569495584,20.00518682742053,69.00518682742053,210.0,32.078029864690876
84976,7.0,4.58257569495584,20.00518682742053,69.00518682742053,210.0,32.078029864690876
22721,5.5,5.808860227519435,25.358519278538328,63.858519278538324,165.0,31.948731251356897
21524,3.9473684210526314,8.090526219551242,35.319108581757234,62.95068752912566,118.42105263157895,31.9362877087549
22806,13.0,2.449489742783178,10.69322215237297,101.69322215237297,390.0,31.843366656181313
22124,6.375,4.983902658989812,21.757175540496977,66.38217554049697,191.25,31.77237945106005
23390,3.972972972972973,7.994743017503184,34.90096800330283,62.71177881411364,119.18918918918918,31.762897934404542
71101E,6.0,5.291502622129181,23.1,65.1,180.0,31.74901573277509
22972,5.304347826086956,5.94241137623666,25.941535437779418,63.07197022038811,159.1304347826087,31.520616865255327
37448,6.8,4.632185537858222,20.221758083806662,67.82175808380666,204.0,31.498861657435906
23522,6.363636363636363,4.945153734166962,21.588017509720522,66.13347205517508,190.9090909090909,31.469160126517032
85183B,6.611111111111111,4.754426901677919,20.755401493983936,67.03317927176171,198.33333333333331,31.43204451664846
85071C,4.571428571428571,6.852528209146087,29.914641064201327,61.91464106420133,137.14285714285714,31.32584324181068
21239,5.608695652173913,5.565634248221872,24.296718780079356,63.55758834529675,168.2608695652174,31.215948609592235
22212,5.25,5.940565846840279,25.93347879827628,62.68347879827628,157.5,31.187970695911467
21378,9.0,3.4641016151377544,15.12249979335427,78.12249979335427,270.0,31.17691453623979
22474,4.238095238095238,7.354622776898636,32.10652970970236,61.77319637636903,127.14285714285714,31.16959176876089
22943,5.2,5.9904686198756005,26.151328838129814,62.55132883812981,156.0,31.150436823353125
22736,6.042553191489362,5.153966167190462,22.499586027644067,64.7974583680696,181.27659574468086,31.14311471238492
35967,11.0,2.8284271247461903,12.347469376354006,89.34746937635401,330.0,31.112698372208094
23249,6.090909090909091,5.107926104683689,22.29859861067506,64.9349622470387,182.72727272727272,31.111913546709744
23169,5.0,6.214901447328026,27.131088026468824,62.131088026468824,150.0,31.07450723664013
22580,4.410714285714286,7.039568131676791,30.731161912625428,61.606161912625424,132.32142857142856,31.049523723645848
21584,5.176470588235294,5.997325607177142,26.181262945315776,62.41655706296284,155.29411764705884,31.044979613622857
21876,6.464285714285714,4.772468441640555,20.834161650200056,66.08416165020006,193.92857142857144,30.850599569176445
22406,6.05,5.093597632529022,22.236047813593604,64.58604781359361,181.5,30.816265676800583
21418,6.666666666666667,4.618802153517007,20.163333057805698,66.82999972447237,200.0,30.792014356780047
23138,5.333333333333333,5.773502691896257,25.20416632225712,62.53749965559045,160.0,30.792014356780037
21200,5.333333333333333,5.773502691896257,25.20416632225712,62.53749965559045,160.0,30.792014356780037
22674,4.857142857142857,6.334971833549707,27.655254056382795,61.655254056382795,145.7142857142857,30.769863191527147
22739,6.767857142857143,4.524643919404332,19.752286260076325,67.12728626007632,203.0357142857143,30.62214366882575
23360,6.318181818181818,4.844106518788368,21.14689693548441,65.37416966275714,189.54545454545456,30.60594573234469
20750,4.166666666666667,7.34364201293775,32.05859329813645,61.225259964803115,125.00000000000001,30.598508387240628
23123,6.181818181818182,4.935953440181174,21.54785372142664,64.82058099415391,185.45454545454544,30.513166721119983
22335,5.526315789473684,5.511285603726952,24.059460334324775,62.74367086064056,165.78947368421052,30.45710465217526
21484,4.864864864864865,6.253381166128098,27.299070841135556,61.35312489518961,145.94594594594594,30.42185432170426
21250,5.0,6.082762530298219,26.55423695006128,61.55423695006128,150.0,30.413812651491096
84707B,5.0,6.082762530298219,26.55423695006128,61.55423695006128,150.0,30.413812651491096
85104,5.0,6.082762530298219,26.55423695006128,61.55423695006128,150.0,30.413812651491096
90214N,5.0,6.082762530298219,26.55423695006128,61.55423695006128,150.0,30.413812651491096
20986,4.545454545454546,6.6884924112935,29.198544484271817,61.016726302453634,136.36363636363637,30.402238233152275
23661,6.181818181818182,4.915652180905029,21.459228783905544,64.73195605663281,185.45454545454544,30.387668027412907
85094,7.2,4.207136793592526,18.366212184334582,68.76621218433458,216.0,30.29138491386619
22678,5.266666666666667,5.7503623074260855,25.103147213048803,61.969813879715474,158.0,30.285241485777384
22681,7.545454545454546,4.009080601924495,17.50159992686383,70.31978174504565,226.36363636363637,30.25033545088483
21820,5.166666666666667,5.843366113485606,25.509154367045156,61.67582103371183,155.0,30.190724919675635
23352,6.035087719298246,4.996301890544009,21.811304257679154,64.05691829276688,181.05263157894737,30.153120181528756
23029,7.6521739130434785,3.938258679026163,17.192427554519206,70.75764494582356,229.56521739130434,30.136240326461074
21446,4.833333333333333,6.2206888442494614,27.156352847906508,60.98968618123983,145.0,30.06666274720573
22749,4.82089552238806,6.225376642212412,27.176817381457205,60.92308603817363,144.6268656716418,30.011890379621033
48194,4.044444444444444,7.412997049272668,32.36136199235132,60.67247310346243,121.33333333333333,29.981454732613898
21059,5.75,5.203021100421233,22.71373483159474,62.963734831594735,172.5,29.91737132742209
21844,6.333333333333333,4.7161874689651855,20.588467645747702,64.92180097908103,190.0,29.869187303446175
21809,4.454545454545454,6.698710866482243,29.24315304477272,60.4249712265909,133.63636363636363,29.839712041602713
21684,5.5,5.424810727442151,23.681955155772087,62.18195515577209,165.0,29.83645900093183
22980,5.8125,5.127946307571222,22.38599659943689,63.07349659943689,174.375,29.80618791275773
22982,4.75,6.273377332657007,27.386363899422264,60.636363899422264,142.5,29.79854233012078
23379,5.6923076923076925,5.2342560022830265,22.85009047280523,62.696244318959074,170.76923076923077,29.794995705303382
20653,4.666666666666667,6.3508529610858835,27.724582954482834,60.391249621149505,140.0,29.63731381840079
22937,4.666666666666667,6.3508529610858835,27.724582954482834,60.391249621149505,140.0,29.63731381840079
21719,4.666666666666667,6.3508529610858835,27.724582954482834,60.391249621149505,140.0,29.63731381840079
21205,4.666666666666667,6.3508529610858835,27.724582954482834,60.391249621149505,140.0,29.63731381840079
21219,6.125,4.823676724538776,21.057710879865358,63.932710879865354,183.75,29.545019937800006
72799C,5.818181818181818,5.075789235541244,22.15830544062429,62.885578167897016,174.54545454545456,29.531864643149056
23061,7.6923076923076925,3.8380684244511882,16.755048033813107,70.60120187996695,230.76923076923077,29.52360326500914
23502,6.071428571428571,4.845223470201397,21.151772975332346,63.65177297533235,182.14285714285714,29.41742821193705
21063,5.25,5.599744892148468,24.44562844354794,61.19562844354794,157.5,29.398660683779458
23451,5.782608695652174,5.071816258314448,22.140961449608362,62.61922231917358,173.47826086956522,29.3283287980792
23356,4.7025316455696204,6.232756588897438,27.20903446242607,60.12675598141341,141.0759493670886,29.309735098422763
23235,6.4,4.579457235462361,19.991573224736467,64.79157322473647,192.0,29.308526306959113
23106,4.9,5.971227307309239,26.067331087013873,60.36733108701388,147.0,29.259013805815275
22389,6.333333333333333,4.6097722286464435,20.12391301412327,64.4572463474566,190.0,29.19522411476081
23534,4.5625,6.396613687465162,27.924350932474685,59.86185093247468,136.875,29.1845499490598
22110,4.714285714285714,6.18465843842649,26.999062483723392,59.99906248372339,141.42857142857144,29.1562469240106
21389,6.0,4.857983120596447,21.207475097238706,63.20747509723871,180.0,29.147898723578685
22684,8.0,3.63318042491699,15.860611589721248,71.86061158972124,240.0,29.06544339933592
22416,7.666666666666667,3.7859388972001824,16.52747712144839,70.19414378811506,230.0,29.0255315452014
23075,5.538461538461538,5.237928735282433,22.866123750750045,61.63535451998081,166.15384615384616,29.010066841564246
22284,10.8,2.6832815729997477,11.71383797053724,87.31383797053725,324.0,28.979440988397275
20831,10.8,2.6832815729997477,11.71383797053724,87.31383797053725,324.0,28.979440988397275
22332,6.4,4.526465385804788,19.760237852819486,64.56023785281948,192.0,28.969378469150644
23287,6.363636363636363,4.5447272145361435,19.839959677378378,64.38541422283292,190.9090909090909,28.92099136523
72800B,5.933333333333334,4.861902429923418,21.224584801592705,62.75791813492604,178.0,28.84728775087895
22893,13.5,2.1213203435596424,9.260602032265503,103.7606020322655,405.0,28.63782463805517
21224,7.125,4.0155946010522525,17.530036722722514,67.40503672272251,213.75,28.6111115324973
23247,5.338461538461538,5.321762287640612,23.232098257003756,60.601329026234524,160.15384615384613,28.4100232894045
23190,5.642857142857143,5.02743794343921,21.947228374747763,61.447228374747766,169.2857142857143,28.369114109406976
22974,4.826086956521739,5.867105325557551,25.612787651959085,59.39539634761125,144.7826086956522,28.31516048421253
21221,5.0,5.656854249492381,24.694938752708012,59.69493875270801,150.0,28.284271247461902
90129F,5.0,5.656854249492381,24.694938752708012,59.69493875270801,150.0,28.284271247461902
23068,5.352941176470588,5.267128919897777,22.99359685485351,60.46418509014762,160.58823529411762,28.194631277099862
22567,5.739130434782608,4.91026190103531,21.43569757285222,61.60961061633048,172.17391304347825,28.180633518985253
21558,5.6,5.030433694811486,21.960306296397118,61.16030629639711,168.0,28.17042869094432
22080,6.71875,4.175461148957275,18.227932485102404,65.2591824851024,201.5625,28.053879594556694
23156,5.0,5.547001962252292,24.215379728276318,59.21537972827632,150.0,27.73500981126146
23196,4.511111111111111,6.144554951789067,26.823991127347174,58.40176890512495,135.33333333333334,27.71877011584846
20802,8.0,3.4641016151377544,15.12249979335427,71.12249979335427,240.0,27.712812921102035
22628,5.5,5.036232357987106,21.985620300550995,60.48562030055099,165.0,27.69927796892908
22099,3.727272727272727,7.356123579206246,32.113081446662825,58.20399053757191,111.81818181818181,27.41827879522328
22113,4.774193548387097,5.736544822349063,25.042827124772856,58.462181963482536,143.2258064516129,27.3873752808923
22622,4.5625,5.999663969084892,26.191471040053006,58.128971040053,136.875,27.373466858949822
22179,4.40625,6.200204861339716,27.066930232251696,57.91068023225169,132.1875,27.319652670278124
21932,6.142857142857143,4.441685651706053,19.39013279995782,62.39013279995782,184.2857142857143,27.284640431908613
72800C,5.538461538461538,4.926381102719396,21.506065781184045,60.27529655041481,166.15384615384616,27.284572261215114
22672,5.75,4.73990154609425,20.691991204328303,60.9419912043283,172.5,27.25443389004194
22199,5.0,5.442338432975996,23.758472173100692,58.75847217310069,150.0,27.211692164879977
22139,4.706586826347305,5.76059670734245,25.147825380093323,58.09393316452446,141.19760479041915,27.112748574677635
23161,11.0,2.4494897427831783,10.693222152372972,87.69322215237297,330.0,26.944387170614963
85169A,4.833333333333333,5.564770136013406,24.292946507165404,58.12627984049873,145.0,26.89638899073146
22079,6.225806451612903,4.310527248642598,18.81756214713506,62.398207308425384,186.7741935483871,26.8365083544523
22141,5.421487603305785,4.949330032296799,21.606249096037004,59.5566623191775,162.64462809917353,26.832731414766116
22533,4.111111111111111,6.5249646281564475,28.484665637331748,57.26244341510952,123.33333333333331,26.824854582420947
21064,3.736842105263158,7.17125516104366,31.30604027811146,57.46393501495356,112.10526315789474,26.797848233373678
22975,4.684210526315789,5.715987632936503,24.95308492688672,57.74255861109725,140.52631578947367,26.774889438492043
23346,5.541666666666667,4.8182548407224095,21.03404170210963,59.825708368776304,166.25,26.701162242336686
20763,4.166666666666667,6.400520812142296,27.941407444865764,57.10807411153243,125.00000000000001,26.668836717259566
85176,5.545454545454546,4.80340788115347,20.969227453580636,59.787409271762456,166.36363636363637,26.6370800682147
22399,4.666666666666667,5.680375574437544,24.797620853622227,57.4642875202889,140.0,26.50841934737521
22703,5.066666666666666,5.229950377621278,22.83129431285051,58.29796097951718,152.0,26.498415246614474
22683,5.5,4.810702354423639,21.001071401240463,59.501071401240466,165.0,26.458862949330015
21700,5.0,5.291502622129181,23.1,58.1,150.0,26.457513110645905
22119,4.848484848484849,5.443581151923405,23.76389724981994,57.70329118921388,145.45454545454547,26.39312073659833
22107,5.9411764705882355,4.422535870901644,19.306534629802538,60.894769923920194,178.23529411764707,26.275066056533298
20733,3.75,7.00510018282598,30.580692438203553,56.830692438203556,112.5,26.269125685597423
23514,5.625,4.660114447807764,20.343681451497414,59.71868145149742,168.75,26.213143768918673
21579,5.25,4.9916597106239795,21.79103886922329,58.541038869223286,157.5,26.206213480775894
90214H,5.0,5.228129047119374,22.823343313371073,57.82334331337107,150.0,26.14064523559687
85183A,5.5,4.751517976070708,20.742702609314474,59.24270260931448,165.0,26.133348868388893
35001G,5.571428571428571,4.649628761422531,20.297906295970527,59.29790629597053,167.14285714285714,25.905074527925528
47599A,5.75,4.5,19.644703484654585,59.894703484654585,172.5,25.875
85173,5.1,5.0431471655438855,22.015806821463528,57.715806821463524,153.0,25.720050544273814
46000S,5.5675675675675675,4.59794966709523,20.07230174387823,59.04527471685121,167.02702702702703,25.599395443827493
21933,6.428571428571429,3.9695267800007166,17.328928126113283,62.32892812611328,192.85714285714286,25.51838644286175
21249,6.75,3.774917217635375,16.4793620932365,63.7293620932365,202.5,25.480691219038782
72349B,4.576923076923077,5.558223291110762,24.264366323415967,56.3028278618775,137.3076923076923,25.439560447776177
21900,4.297297297297297,5.891919442313744,25.721113422161093,55.80219450324218,128.91891891891893,25.319329495348253
79191B,4.857142857142857,5.209880722517277,22.743680440948864,56.743680440948864,145.7142857142857,25.30513493794106
22863,5.333333333333333,4.743416490252569,20.70733565671837,58.0406689900517,160.0,25.298221281347033
22991,5.43859649122807,4.64072632807951,20.25904281523374,58.329218253830234,163.1578947368421,25.23903792464295
22807,5.68,4.441471227720233,19.389196734264164,59.149196734264166,170.39999999999998,25.227556573450922
23025,5.875,4.2907708265199025,18.731315690575503,59.8563156905755,176.25,25.208278605804427
23282,4.904761904761905,5.117663157191591,22.341105612748894,56.67443894608223,147.14285714285717,25.100919294796853
22949,5.1,4.909175083453431,21.430953081932685,57.13095308193268,153.0,25.036792925612495
21821,5.416666666666667,4.621261798043972,20.17407061056345,58.09073727723012,162.5,25.03183473940485
23180,5.25,4.716990566028302,20.591973557675328,57.34197355767533,157.5,24.764200471648582
85049C,5.111111111111111,4.8372195330021475,21.11683187022367,56.89460964800144,153.33333333333331,24.723566502010975
47310M,4.1875,5.890316912809814,25.71411759617662,55.02661759617662,125.625,24.665702072391095
84929,10.666666666666666,2.3094010767585034,10.081666528902849,84.7483331955695,320.0,24.633611485424034
22148,5.4,4.560701700396551,19.90969613027783,57.709696130277834,162.0,24.627789182141377
22446,5.357142857142857,4.58437384126595,20.013036616550337,57.51303661655034,160.7142857142857,24.559145578210444
22273,5.245901639344262,4.6499309590032905,20.299225536385595,57.020537011795426,157.37704918032784,24.393080440672996
85032A,5.05,4.817457289571139,21.03056000080284,56.380560000802845,151.5,24.32815931233425
21164,4.84,5.005663459189668,21.85217208883364,55.732172088833636,145.2,24.22741114247799
22271,5.457142857142857,4.434774728298643,19.359963235259208,57.55996323525921,163.71428571428572,24.201199231572595
23147,5.9655172413793105,4.04865726084137,17.674371422271676,59.43299211192685,178.9655172413793,24.152334693984727
22723,5.066666666666666,4.748381454430721,20.72901015651653,56.1956768231832,152.0,24.058466035782317
22203,4.5,5.336073857296797,23.294575266402802,54.7945752664028,135.0,24.012332357835586
23476,11.363636363636363,2.1105794120443453,9.213712606761728,88.75916715221628,340.9090909090909,23.98385695504938
23537,4.181818181818182,5.7064556743776045,24.91147326032726,54.184200533054536,125.45454545454545,23.8633600928518
22280,4.714285714285714,5.056820005836531,22.07549546442843,55.07549546442843,141.42857142857144,23.839294313229363
21990,5.06,4.7052293964767955,20.540630293570423,55.96063029357042,151.79999999999998,23.80846074617258
90083,4.75,4.9916597106239795,21.79103886922329,55.041038869223286,142.5,23.7103836254639
21559,4.973684210526316,4.75614448729938,20.762899596260183,55.578689069944396,149.21052631578948,23.655560739462707
23014,4.636363636363637,5.057248023951126,22.07736397308338,54.53190942762883,139.0909090909091,23.44724083831886
23214,5.235294117647059,4.465754023877998,19.495203029885854,56.14226185341526,157.05882352941177,23.379535772067165
21866,3.7777777777777777,6.16971307899518,26.93381867161235,53.37826311605679,113.33333333333333,23.307804965092902
21240,5.533333333333333,4.1895561760622035,18.28946418023229,57.02279751356562,166.0,23.182210840877527
21955,4.285714285714286,5.407226205560041,23.605190107262427,53.60519010726243,128.57142857142856,23.173826595257317
22448,5.333333333333333,4.330127018922194,18.903124741692842,56.23645807502617,160.0,23.094010767585033
84406B,4.588235294117647,5.013217823033074,21.885150586104512,54.00279764492804,137.6470588235294,23.001822952739985
21907,4.516129032258065,5.091633449375132,22.227473192338554,53.84037641814501,135.48387096774195,22.994473642339305
22673,5.0,4.59813626840888,20.073116349984122,55.07311634998412,150.0,22.9906813420444
23060,5.111111111111111,4.48454134902457,19.577218903613456,55.35499668139123,153.33333333333331,22.92098911723669
82613C,5.666666666666667,4.041451884327381,17.642916425579987,57.309583092246655,170.0,22.90156067785516
23322,4.253968253968254,5.375405484889873,23.466277080099434,53.24405485787722,127.61904761904762,22.86680428492835
23442,5.714285714285714,3.9880774697543058,17.409910970478855,57.409910970478855,171.42857142857144,22.78901411288175
22679,5.083333333333333,4.48144321991625,19.56369405301565,55.14702738634898,152.5,22.78066970124094
23392,4.323529411764706,5.232304019033449,22.841569110106352,53.10627499245929,129.70588235294116,22.62202031758579
23093,4.818181818181818,4.6865377800287025,20.459032235176714,54.18630496244944,144.54545454545456,22.580591121956477
21678,7.5,3.0,13.096468989769722,65.59646898976972,225.0,22.5
21426,7.5,3.0,13.096468989769722,65.59646898976972,225.0,22.5
21379,7.5,3.0,13.096468989769722,65.59646898976972,225.0,22.5
22654,3.3636363636363638,6.679344006984246,29.15860721982447,52.70406176527902,100.9090909090909,22.466884387128825
21815,4.25,5.251983752196243,22.927480781804178,52.67748078180418,127.5,22.320930946834032
84569A,4.5,4.949747468305833,21.608071408619512,53.10807140861951,135.0,22.273863607376246
21804,4.285714285714286,5.178251221627405,22.605602181760165,52.60560218176016,128.57142857142856,22.19250523554602
22562,4.319148936170213,5.124987308483642,22.37307911950647,52.60712167269796,129.5744680851064,22.135583481322964
37413,5.947368421052632,3.718925833722037,16.23493228553139,57.86651123289981,178.42105263157896,22.117822063715273
23323,4.622448979591836,4.7721600419979895,20.832815334748283,53.18995819189114,138.6734693877551,22.05906631658254
22305,4.25,5.188127472091128,22.648716851071278,52.39871685107128,127.5,22.049541756387292
22494,3.764705882352941,5.847322162373836,25.526424457574063,51.879365634044646,112.94117647058823,22.013448140701502
22329,4.666666666666667,4.700557211144026,20.520233916795394,53.18690058346206,140.0,21.935933652005456
21901,4.057142857142857,5.4066563394679745,23.602702362728074,52.00270236272807,121.71428571428571,21.935577148698638
21380,4.625,4.716990566028302,20.591973557675328,52.96697355767533,138.75,21.816081367880894
90161C,5.0,4.358898943540674,19.028728281206817,54.02872828120682,150.0,21.79449471770337
84510E,5.0,4.358898943540674,19.028728281206817,54.02872828120682,150.0,21.79449471770337
23096,4.931034482758621,4.415322625995253,19.27504528372515,53.7922866630355,147.93103448275863,21.772108121286937
72122,5.5,3.9510898637098992,17.248441958623392,55.74844195862339,165.0,21.730994250404446
85227,5.081081081081081,4.251655745304007,18.56055920785007,54.128126775417634,152.43243243243242,21.603007570733872
82483,4.102564102564102,5.248598436514794,22.912702221189953,51.63065093913867,123.07692307692307,21.53271153441967
23452,5.688888888888889,3.782869414888784,16.51407732814643,56.33629955036865,170.66666666666669,21.520323782478417
23081,4.310344827586207,4.979267360593911,21.736940193263564,51.909353986367016,129.31034482758622,21.46235931290479
84924A,4.0,5.354126134736337,23.373382296963353,51.37338229696336,120.0,21.416504538945347
84859A,4.666666666666667,4.582575694955841,20.005186827420538,52.67185349408721,140.0,21.38535324312726
22649,4.615384615384615,4.628506986391716,20.205699405403873,52.51339171309618,138.46153846153845,21.36233993719253
21430,4.027027027027027,5.304539389818698,23.156911874590865,51.346101063780054,120.81081081081082,21.361523488729354
71050,6.0,3.559026084010437,15.536891581008089,57.53689158100809,180.0,21.354156504062622
23324,5.6,3.7815340802378077,16.508247938530605,55.708247938530604,168.0,21.17659084933172
22592,4.793103448275862,4.402753280982477,19.220173937997973,52.771898075929,143.79310344827587,21.102851932984976
20969,4.340425531914893,4.855640358721699,21.197247794491023,51.58022651789528,130.2127659574468,21.07554538679205
21058,4.375,4.808846015417836,20.99296757249913,51.617967572499126,131.25,21.038701317453032
23013,4.575,4.595915131661583,20.06342000047312,52.08842000047312,137.25,21.026311727351743
22737,5.236363636363636,3.99519913916893,17.44100054469353,54.095545999238986,157.0909090909091,20.92031549237549
23515,4.733333333333333,4.399134113934349,19.20437450165977,52.337707834993104,142.0,20.822568139289253
85032C,4.5625,4.560244876465883,19.907701870130566,51.845201870130566,136.875,20.80611724887559
22135,4.375,4.749060057376768,20.731972590662956,51.356972590662956,131.25,20.77713775102336
82486,4.3478260869565215,4.767617751889616,20.812986014232667,51.24776862292832,130.43478260869566,20.728772834302678
23175,4.961538461538462,4.12291905553111,17.99856051936462,52.72932975013386,148.84615384615384,20.45602146782743
21676,4.2,4.868264577855234,21.25235869262515,50.65235869262516,126.0,20.446711226991983
21537,5.555555555555555,3.6780127484523186,16.0563266346945,54.945215523583386,166.66666666666666,20.433404158068438
22260,5.4,3.7815340802378072,16.508247938530605,54.30824793853061,162.0,20.42028403328416
23460,3.1363636363636362,6.48291126949448,28.30108213478771,50.25562758933316,94.0909090909091,20.332767163414506
23409,5.428571428571429,3.7352886036263584,16.306363788410952,54.30636378841095,162.85714285714286,20.27728099111452
22116,3.5555555555555554,5.6799153082151435,24.79561156618599,49.684500455074875,106.66666666666666,20.1952544292094
23416,4.7,4.295992965026311,18.754112882245323,51.65411288224532,141.0,20.191166935623663
22308,3.5555555555555554,5.659308948783214,24.70565471708855,49.594543605977435,106.66666666666666,20.121987373451425
22701,4.125,4.856267428111155,21.199985259428836,50.074985259428836,123.75,20.032103140958515
23104,3.4,5.852960179015645,25.55103716094515,49.351037160945154,102.0,19.900064608653192
23131,3.85,5.153179907386772,22.49615361859842,49.446153618598416,115.5,19.83974264343907
21259,4.137931034482759,4.793776753928207,20.927182867233245,49.89270010861256,124.13793103448276,19.83631760246155
20674,4.681818181818182,4.2357476838875145,18.49111273017392,51.26384000290119,140.45454545454544,19.83100052001882
23270,4.8,4.097097374550881,17.88583623795752,51.48583623795752,144.0,19.666067397844227
21894,4.111111111111111,4.78132942926035,20.872844200060516,49.65062197783829,123.33333333333331,19.65657654251477
22720,3.871559633027523,5.059096899043443,22.085435218187538,49.1863526493802,116.14678899082568,19.58659533391131
21368,4.2,4.658325879540846,20.335873475216154,49.73587347521615,126.0,19.564968694071553
22170,4.074074074074074,4.795237428355556,20.933559426347216,49.452077944865735,122.22222222222223,19.536152485893005
22211,4.310344827586207,4.520615067790334,19.73469835000062,49.90711214310407,129.31034482758622,19.485409774958335
23397,3.142857142857143,6.193653569405955,27.038330635033883,49.03833063503389,94.28571428571428,19.465768360990143
22118,3.8275862068965516,5.071411225946886,22.139193284994484,48.93229673327035,114.82758620689654,19.411263657934633
21377,7.2,2.6832815729997477,11.71383797053724,62.11383797053724,216.0,19.319627325598184
23289,5.03125,3.8393915428560863,16.760824093532957,51.97957409353296,150.9375,19.316938699994683
20867,4.0,4.8166378315169185,21.02698266513767,49.026982665137666,120.0,19.266551326067674
90119,5.571428571428571,3.4572215654165057,15.09246500741347,54.092465007413466,167.14285714285714,19.261663007320532
21808,4.833333333333333,3.9707262140150976,17.33416424290482,51.16749757623815,145.0,19.191843367739637
21927,4.888888888888889,3.9193253387682825,17.10977425333251,51.33199647555474,146.66666666666669,19.161146100644938
22231,4.222222222222222,4.521553322083512,19.738794289418994,49.29434984497455,126.66666666666667,19.09100291546372
21265,4.4,4.33589667773576,18.92831212760398,49.728312127603985,132.0,19.077945382037345
23026,5.5,3.464101615137755,15.122499793354272,53.62249979335427,165.0,19.052558883257653
22784,4.0588235294117645,4.683570099507997,20.446076856539726,48.85784156242208,121.76470588235293,19.009784521532456
72351B,4.190476190476191,4.53452365325232,19.79541613606544,49.12874946939878,125.71428571428572,19.00181340410496
22722,4.258064516129032,4.460888259230801,19.473961584614678,49.2804131975179,127.74193548387096,18.99475000704728
23396,3.888888888888889,4.853406592853679,21.187496312684043,48.40971853490626,116.66666666666667,18.87435897220875
15039,4.2727272727272725,4.360984042413113,19.03783075878132,48.946921667872225,128.1818181818182,18.633295453946936
23457,3.3125,5.618051263561058,24.52554471872134,47.713044718721335,99.375,18.609794810546003
84509B,4.428571428571429,4.197504927816955,18.324164373853453,49.32416437385345,132.85714285714286,18.588950394617946
23102,4.375,4.2304537735844345,18.468002219467618,49.09300221946762,131.25,18.508235259431903
22221,5.0,3.664501525251617,15.997343529473882,50.99734352947388,150.0,18.322507626258083
21329,3.88,4.71921819882947,20.601698265642362,47.761698265642366,116.39999999999999,18.31056661145834
22591,5.15,3.5433406776507868,15.468417101681055,51.51841710168106,154.5,18.248204489901553
22651,4.647058823529412,3.9201590603983827,17.113413856490745,49.64282562119663,139.41176470588238,18.217209751263074
82613D,4.5,4.041451884327381,17.642916425579987,49.14291642557998,135.0,18.186533479473212
85040A,4.0,4.5374260648651505,19.80808658395977,47.80808658395977,120.0,18.149704259460602
85159A,3.8,4.764451699828638,20.799164646687135,47.39916464668713,114.0,18.104916459348825
22669,5.352941176470588,3.371594142067448,14.718659375891862,52.189247611185976,160.58823529411762,18.047945113419868
23146,3.875,4.6467613780296295,20.28538876340822,47.41038876340822,116.25,18.006200339864815
23393,4.204081632653061,4.281644893402217,18.691476523882677,48.1200479524541,126.12244897959184,18.000384653895033
21217,3.5555555555555554,5.056095584945221,22.072333012515568,46.96122190140446,106.66666666666666,17.977228746471898
21356,4.125,4.356850107261306,19.019784107607528,47.89478410760753,123.75,17.972006692452887
22508,3.8076923076923075,4.690579757507431,20.47667744607922,47.13052359992537,114.23076923076923,17.860284461278294
22586,4.291666666666667,4.154402239915448,18.136000035360848,48.177666702027516,128.75,17.829309612970466
84558A,4.0,4.449719092257397,19.425202701645095,47.42520270164509,120.0,17.79887636902959
21264,4.222222222222222,4.208612396105586,18.37265391185242,47.92820946740798,126.66666666666667,17.76969678355692
23418,4.190476190476191,4.226334672254998,18.450020325192057,47.78335365852539,125.71428571428572,17.710354817068563
22193,3.914285714285714,4.507323638985182,19.676674754941818,47.07667475494182,117.42857142857143,17.642952529741997
21890,4.375,4.019652807849476,17.547752782547153,48.17275278254715,131.25,17.585981034341458
23395,3.7586206896551726,4.67659474564592,20.41562602135727,46.725970848943476,112.75862068965517,17.577545768117425
22224,5.5,3.1766191290283903,13.86749797187654,52.36749797187654,165.0,17.471405209656147
22081,5.052631578947368,3.4556505129767188,15.085606594227144,50.45402764685872,151.57894736842104,17.46012890767184
22625,3.25531914893617,5.362786771926243,23.411190219093104,46.198424261646295,97.65957446808511,17.45758247031309
21115,4.578947368421052,3.810593902405102,16.635108291818003,48.68773987076537,137.36842105263156,17.44850892153915
23009,3.111111111111111,5.600099205470481,24.44717519469274,46.22495297247052,93.33333333333333,17.42253086146372
22485,4.0,4.350066312491905,18.990169521664058,46.99016952166406,120.0,17.40026524996762
84509G,4.444444444444445,3.9086797998528575,17.063301263237424,48.174412374348535,133.33333333333334,17.371910221568257
84707A,4.1,4.2282121254470875,18.45821632769537,47.15821632769537,122.99999999999999,17.335669714333058
85036C,3.7142857142857144,4.664573052085448,20.363145442384194,46.363145442384194,111.42857142857143,17.32555705060309
23580,5.238095238095238,3.3000721492834355,14.406430855697744,51.07309752236441,157.14285714285714,17.28609221053228
22475,3.4,5.069176631775414,22.129438187237348,45.92943818723735,102.0,17.235200548036406
23234,4.890909090909091,3.510158418250111,15.323560291263908,49.559923927627544,146.72727272727272,17.16786571835054
37450,4.142857142857143,4.140393356054125,18.074844397670482,47.07484439767049,124.28571428571429,17.15305818936709
23178,4.625,3.7008686239082538,16.156103722742063,48.53110372274206,138.75,17.116517385575673
21258,3.8,4.4907311951024935,19.60424061268378,46.204240612683776,114.0,17.064778541389476
21381,3.5555555555555554,4.798726682962656,20.948791731266983,45.837680620155865,106.66666666666666,17.062139317200554
22316,3.6,4.722287581247038,20.615097622858837,45.815097622858836,108.0,17.000235292489336
23021,6.0,2.8284271247461903,12.347469376354006,54.347469376354006,180.0,16.970562748477143
85170C,4.0,4.242640687119285,18.521204064531005,46.521204064531005,120.0,16.97056274847714
23523,5.2,3.259175083088085,14.22789513596442,50.62789513596442,156.0,16.94771043205804
22371,3.6,4.672889623765731,20.399451350088203,45.5994513500882,108.0,16.822402645556632
20985,3.8095238095238093,4.388838657538548,19.159429793185392,45.82609645985205,114.28571428571428,16.71938536205161
22426,3.7,4.498147766951785,19.63661758042866,45.53661758042866,111.0,16.643146737721604
22799,3.8,4.366539438350084,19.06208278231946,45.66208278231946,114.0,16.59284986573032
23129,4.575757575757576,3.6231055655878897,15.816629895461299,47.84693292576433,137.27272727272728,16.578452739508222
21948,3.909090909090909,4.229764661409556,18.46499390739136,45.82863027102772,117.27272727272728,16.534534585510084
22313,3.923076923076923,4.212314060417355,18.38881348914229,45.850351950680746,117.6923076923077,16.525232083175776
22588,4.5,3.661251412394661,15.983155195392428,47.48315519539243,135.0,16.475631355775974
22942,3.7884615384615383,4.34464528871647,18.966504098408127,45.4857348676389,113.65384615384615,16.459521574560473
21030,4.25,3.862210075418823,16.860438161566268,46.610438161566265,127.5,16.414392820529997
20622,3.4,4.8270073544588685,21.072250710353654,44.872250710353654,102.0,16.411825005160154
22108,3.75,4.371914496377572,19.085547542577864,45.335547542577864,112.5,16.394679361415896
23357,3.975,4.116804212380876,17.971866234799837,45.796866234799836,119.25,16.36429674421398
84792,3.6666666666666665,4.4549022263293105,19.447829619859306,45.11449628652597,110.0,16.334641496540804
23288,5.230769230769231,3.1132471299766253,13.590848165076157,50.206232780460766,156.92307692307693,16.284677295262348
22274,4.551724137931035,3.5450603824966773,15.475924455409643,47.337993420926885,136.55172413793105,16.136136913433152
21220,3.7777777777777777,4.2654946306899095,18.62097271895322,45.06541716339766,113.33333333333333,16.11409082705077
21327,3.7435897435897436,4.27796033985423,18.675391643455225,44.88051984858343,112.3076923076923,16.01492845176199
21926,4.125,3.8706773124535787,16.897401797317837,45.77240179731784,123.75,15.966543913871012
72130,4.142857142857143,3.848314411469495,16.799776784231387,45.79977678423139,124.28571428571429,15.943016847516482
22300,6.166666666666667,2.5724787771376323,11.230129510541246,54.39679617720792,185.0,15.863619125682067
22745,4.3,3.687817782917155,16.099130411298617,46.19913041129861,129.0,15.857616466543766
23422,4.0,3.964124835860459,17.3053459948075,45.305345994807496,120.0,15.856499343441836
22215,4.304347826086956,3.6734277107689297,16.036310700082026,46.166745482690715,129.1304347826087,15.811710581135827
21872,3.7037037037037037,4.268082030200945,18.632267984773357,44.55819391069929,111.11111111111111,15.80771122296646
22897,3.7419354838709675,4.202917573428279,18.347793222320558,44.54134160941733,112.25806451612902,15.727046403796141
84192,4.833333333333333,3.2506409624359724,14.19063952047264,48.02397285380597,145.0,15.711431318440532
23118,3.6666666666666665,4.284176311342318,18.702527402733566,44.36919406940023,110.0,15.708646474921832
22301,5.363636363636363,2.90394566631341,12.677144788949917,50.222599334404464,160.9090909090909,15.575708573862835
21693,6.857142857142857,2.2677868380553634,9.9,57.9,205.7142857142857,15.55053831809392
23039,6.857142857142857,2.2677868380553634,9.9,57.9,205.7142857142857,15.55053831809392
23285,4.428571428571429,3.5050983275386565,15.301470517567912,46.301470517567914,132.85714285714286,15.522578307671195
23110,3.4615384615384617,4.483130774186889,19.57106105374031,43.80183028450954,103.84615384615385,15.518529602954615
22768,3.3666666666666667,4.567375563737876,19.938830811708367,43.505497478375034,101.0,15.376831064584183
23107,4.888888888888889,3.1402406135694623,13.70868793867597,47.9309101608982,146.66666666666669,15.352287444117373
84519A,3.1739130434782608,4.830322536878534,21.086723104938514,43.30411440928634,95.21739130434783,15.331023704005782
22831,4.0,3.8172540616821107,16.66418314829743,44.664183148297425,120.0,15.269016246728443
23419,3.6818181818181817,4.133329842199336,18.044008700951128,43.816735973678405,110.45454545454545,15.21816896446119
22454,4.333333333333333,3.5118845842842465,15.331095851242988,45.66442918457632,130.0,15.218166531898401
22169,3.9714285714285715,3.830878522232314,16.72366058999679,44.523660589996794,119.14285714285714,15.214060416865475
21531,5.0,3.0151134457776356,13.162446581088181,48.16244658108818,150.0,15.075567228888179
22795,3.7857142857142856,3.966541248663868,17.315894819922942,43.815894819922946,113.57142857142857,15.016191869941785
23578,5.090909090909091,2.9480347845486987,12.869615378868165,48.5059790152318,152.72727272727272,15.008177084975193
21730,3.4074074074074074,4.3963206579633525,19.192092388700356,43.04394424055221,102.22222222222223,14.980055575282535
22748,4.270833333333333,3.505251885405933,15.302140872850218,45.19797420618355,128.125,14.970346593921171
21328,3.66,4.078865388455821,17.8062446911189,43.426244691118896,109.80000000000001,14.928647321748304
22694,4.0,3.7309516212355254,16.287430736614045,44.28743073661404,120.0,14.923806484942101
22220,4.6521739130434785,3.1853171049816273,13.905468895991651,46.470686287296004,139.56521739130434,14.818649140566702
23454,3.3,4.488683087729513,19.595299621117793,42.69529962111779,99.0,14.812654189507393
22834,3.9411764705882355,3.738511814644337,16.32043468279243,43.908669976910076,118.23529411764707,14.734134798892386
22746,4.103448275862069,3.5891187496396353,15.668260801752188,44.392398732786674,123.10344827586208,14.727763145072988
22204,3.5714285714285716,4.117326918327103,17.974148102205014,42.974148102205014,107.14285714285715,14.704738994025368
23286,5.266666666666667,2.789435853528878,12.177253384897597,49.043920051564264,158.0,14.691028828585424
79149B,3.25,4.5,19.644703484654585,42.394703484654585,97.5,14.625
21032,3.25,4.5,19.644703484654585,42.394703484654585,97.5,14.625
23456,3.7058823529411766,3.91734453875251,17.101127091338675,43.042303561926914,111.1764705882353,14.51721799655342
23085,4.346153846153846,3.3339742973491284,14.55443033264072,44.97750725571764,130.3846153846154,14.48996521540198
23239,4.758620689655173,3.0432028758928253,13.28507069790281,46.59541552548902,142.75862068965517,14.481448168041721
23244,5.466666666666667,2.6421491973301543,11.534275009726445,49.80094167639311,164.0,14.443748945404844
23126,3.476923076923077,4.153717056398447,18.133008873799945,42.47147041226148,104.3076923076923,14.442154688400755
47503H,3.4285714285714284,4.197504927816954,18.324164373853446,42.32416437385345,102.85714285714285,14.391445466800985
20819,3.3333333333333335,4.273952113286562,18.657893771806076,41.991227105139416,100.0,14.24650704428854
22786,3.3333333333333335,4.273952113286562,18.657893771806076,41.991227105139416,100.0,14.24650704428854
22378,4.181818181818182,3.400534717310847,14.84499915796562,44.1177264306929,125.45454545454545,14.22041790875445
20759,3.857142857142857,3.670993118515816,16.025682512766814,43.025682512766814,115.71428571428572,14.159544885703863
22853,4.416666666666667,3.2039275140289165,13.986712444316568,44.90337911098324,132.5,14.150679853627716
21263,3.6153846153846154,3.905945500952395,17.051364709651203,42.35905701734351,108.46153846153847,14.121495272674045
22434,3.5,4.019688388027374,17.547908107445984,42.047908107445984,105.0,14.068909358095809
85114A,4.25,3.304037933599835,14.42374344613769,44.17374344613769,127.5,14.042161217799299
22940,3.880952380952381,3.605233016899024,15.738607468904004,42.90527413557067,116.42857142857143,13.991737660822404
20866,3.25,4.301162633521313,18.77668101662272,41.52668101662272,97.5,13.978778558944269
23291,4.515151515151516,3.09355390410055,13.504877591077971,45.11093819713858,135.45454545454547,13.967864597302485
22262,3.875,3.6030740843261686,15.729182671073538,42.85418267107354,116.25,13.961912076763904
23348,4.375,3.187100358578652,13.913253671136427,44.53825367113643,131.25,13.943564068781603
90161B,4.333333333333333,3.214550253664318,14.033085904390381,44.36641923772371,130.0,13.92971776587871
22766,4.380952380952381,3.1696147411685884,13.836920389077136,44.50358705574381,131.42857142857144,13.885931247024294
21758,3.6666666666666665,3.785938897200183,16.527477121448392,42.194143788115056,110.0,13.88177595640067
21248,3.6923076923076925,3.750213669126409,16.37151900757485,42.2176728537287,110.76923076923077,13.846942778312895
21754,3.4833333333333334,3.9552225361835784,17.266483097588864,41.6498164309222,104.5,13.777358501039465
22513,3.473684210526316,3.9632817637888533,17.301665572393524,41.61745504607774,104.21052631578948,13.767189284740228
84031B,3.5833333333333335,3.82475984589724,16.69694957170321,41.78028290503654,107.5,13.705389447798444
21991,3.90625,3.504461442219047,15.298690201288478,42.64244020128848,117.1875,13.689302508668153
22507,3.0,4.560701700396551,19.90969613027783,40.90969613027783,90.0,13.682105101189654
82616B,3.5384615384615383,3.864698880365382,16.871303013834332,41.640533783065095,106.15384615384615,13.675088345908275
21774,3.5714285714285716,3.8234863173611098,16.69138999604287,41.69138999604287,107.14285714285715,13.655308276289679
21724,3.5,3.891382420536067,16.98778973262855,41.48778973262855,105.0,13.619838471876234
23042,4.333333333333333,3.141125063837266,13.712548997177732,44.04588233051106,130.0,13.611541943294817
72127,4.0,3.3911649915626336,14.804095717064246,42.80409571706424,120.0,13.564659966250534
21793,4.625,2.9246489410818914,12.767524720947284,45.142524720947286,138.75,13.526501352503749
22251,5.333333333333333,2.516611478423583,10.986241395490998,48.31957472882433,160.0,13.421927884925775
22652,4.142857142857143,3.2366943748507486,14.129755836531643,43.12975583653164,124.28571428571429,13.40916241009596
23127,3.707317073170732,3.6072420381714365,15.747377830501986,41.69859734269711,111.21951219512195,13.373189995172156
23010,3.0,4.449719092257398,19.425202701645098,40.4252027016451,90.0,13.349157276772194
23511,4.5625,2.920473705868051,12.749297774779599,44.6867977747796,136.875,13.324661283022982
20829,4.551724137931035,2.9226481008123892,12.758790073432943,44.62085903895019,136.55172413793105,13.303087907146049
22522,3.0,4.427188724235731,19.326846612937146,40.326846612937146,90.0,13.281566172707194
21744,4.086956521739131,3.2180321976786437,14.048286294992955,42.65698194716687,122.60869565217392,13.151957677469241
85039B,3.8,3.457680661303984,15.094469185764698,41.694469185764696,114.0,13.139186512955138
21878,3.142857142857143,4.180453381654971,18.249726025340767,40.24972602534076,94.28571428571428,13.138567770915621
21367,3.142857142857143,4.18045338165497,18.249726025340763,40.24972602534076,94.28571428571428,13.13856777091562
21126,3.2857142857142856,3.9880774697543058,17.409910970478855,40.409910970478855,98.57142857142857,13.103683114907005
22133,3.2857142857142856,3.9880774697543053,17.409910970478855,40.409910970478855,98.57142857142857,13.103683114907003
23394,3.081081081081081,4.232010150024443,18.474796564728614,40.042364132296186,92.43243243243244,13.039166408183421
82616C,3.5294117647058822,3.6931972439003227,16.122614392614526,40.8284967455557,105.88235294117646,13.034813802001139
21211,3.5555555555555554,3.643868518179241,15.907270350377528,40.796159239266416,106.66666666666666,12.95597695352619
21812,3.6666666666666665,3.524803884507963,15.387494922826132,41.05416158949279,110.0,12.92428090986253
21756,3.0,4.291975376394761,18.736574140603075,39.736574140603075,90.0,12.875926129184283
22981,3.1538461538461537,4.079341324408347,17.80832238460002,39.8852454615231,94.61538461538461,12.86561494621094
21340,3.1818181818181817,4.031263108640052,17.59843743063571,39.87116470336298,95.45454545454545,12.8267462547638
21828,3.736842105263158,3.429319745682612,14.970659901779108,41.12855463862121,112.10526315789474,12.81482641807713
48111,3.8,3.3636714634883282,14.684073004449411,41.28407300444941,114.0,12.781951561255648
20707,2.8333333333333335,4.490731195102493,19.604240612683775,39.43757394601711,85.0,12.72373838612373
35833P,3.8,3.3466401061363023,14.609722789977912,41.20972278997791,114.0,12.717232403317947
23151,3.5,3.625307868699863,15.826244026931974,40.326244026931974,105.0,12.68857754044952
23150,5.0,2.516611478423583,10.986241395490998,45.986241395491,150.0,12.583057392117915
22895,3.823529411764706,3.288829470645676,14.35735105831729,41.122056940670234,114.70588235294119,12.574936211292291
84659A,4.333333333333333,2.886751345948129,12.60208316112856,42.93541649446189,130.0,12.509255832441893
90164A,4.333333333333333,2.886751345948129,12.60208316112856,42.93541649446189,130.0,12.509255832441893
21775,3.142857142857143,3.9761191895520196,17.35770722186545,39.357707221865454,94.28571428571428,12.496374595734919
71406C,5.2,2.3874672772626644,10.42246372025348,46.82246372025348,156.0,12.414829841765854
20795,3.5,3.5355339059327378,15.43433672044251,39.93433672044251,105.0,12.374368670764582
85039C,3.5,3.5355339059327378,15.43433672044251,39.93433672044251,105.0,12.374368670764582
90195A,3.5,3.5355339059327378,15.43433672044251,39.93433672044251,105.0,12.374368670764582
21425,3.5,3.5355339059327378,15.43433672044251,39.93433672044251,105.0,12.374368670764582
79144B,3.5,3.5355339059327378,15.43433672044251,39.93433672044251,105.0,12.374368670764582
37370,3.5,3.5355339059327378,15.43433672044251,39.93433672044251,105.0,12.374368670764582
22977,3.3333333333333335,3.7080992435478315,16.18766891803758,39.521002251370916,100.0,12.360330811826106
21949,3.076923076923077,4.009603855360661,17.503884184330673,39.04234572279221,92.3076923076923,12.337242631878956
85114B,4.285714285714286,2.870208222079931,12.52986432488397,42.529864324883974,128.57142857142856,12.300892380342562
23496,3.2142857142857144,3.826598638851107,16.704976803336184,39.20497680333618,96.42857142857143,12.299781339164273
84884A,3.2,3.8340579025361627,16.7375401418488,39.1375401418488,96.0,12.268985288115722
22691,3.5,3.4721111093332766,15.157465157472737,39.657465157472735,105.0,12.152388882666468
22500,3.769230769230769,3.216304616266218,14.040744556194579,40.42535994080996,113.07692307692308,12.12299432284959
20758,3.9,3.1073389830457114,13.56505621072025,40.865056210720255,117.0,12.118622033878275
22725,4.096153846153846,2.952297977578871,12.88822630397385,41.56130322705077,122.88461538461537,12.093066715851913
22653,4.133333333333334,2.9244454093692624,12.766636205359658,41.699969538693,124.00000000000001,12.087707692059618
84969,3.3333333333333335,3.6055512754639896,15.739996823379604,39.07333015671294,100.0,12.018504251546632
18097C,4.0,3.0,13.096468989769722,41.09646898976972,120.0,12.0
90164B,4.75,2.5,10.913724158141436,44.163724158141434,142.5,11.875
22366,3.375,3.5000000000000004,15.279213821398013,38.90421382139802,101.25,11.812500000000002
23405,4.411764705882353,2.6706465399180908,11.658679864224363,42.54103280540083,132.3529411764706,11.782264146697461
22425,2.923076923076923,4.030333701269628,17.594380112367173,38.05591857390563,87.6923076923077,11.78097543448045
23484,4.571428571428571,2.5727509827124,11.231317821164177,43.231317821164176,137.14285714285714,11.7611473495424
82567,3.608695652173913,3.25770597527522,14.221481760993152,39.48235132621054,108.26086956521739,11.756069389036664
22989,4.153846153846154,2.8240723459898494,12.328458634707431,41.40538171163051,124.61538461538463,11.73076205257322
22473,3.5238095238095237,3.3259441910388032,14.519374986548144,39.18604165321481,105.71428571428571,11.719993816041496
21155,4.1,2.856933489865881,12.471913618621034,41.17191361862103,122.99999999999999,11.713427308450111
23044,3.75,3.095695936834452,13.514228612836177,39.76422861283618,112.5,11.608859763129194
20705,3.5,3.3166247903554,14.478691239197001,38.978691239197005,105.0,11.6081867662439
22692,2.8,4.137123333148796,18.060569146478656,37.66056914647865,84.0,11.58394533281663
21262,3.764705882352941,3.0522412209044414,13.324527499623965,39.67746867609455,112.94117647058823,11.490790478699074
44234,3.4,3.361547262794322,14.674799828277045,38.47479982827704,102.0,11.429260693500694
22317,4.0,2.8284271247461903,12.347469376354006,40.347469376354006,120.0,11.313708498984761
23513,3.8333333333333335,2.9490625115398448,12.874101910424665,39.707435243758,115.0,11.304739627569406
22750,3.727272727272727,3.028967010108456,13.222924172973636,39.31383326388273,111.81818181818181,11.289786128586062
85135A,2.8,4.024922359499621,17.57075695580586,37.17075695580586,84.0,11.26978260659894
23074,4.6923076923076925,2.3939025107069902,10.450556665335327,43.296710511489174,140.76923076923077,11.232927165625108
21535,4.5625,2.435457167125553,10.631963088390739,42.56946308839074,136.875,11.111773325010335
21090,3.6666666666666665,3.0251471289038414,13.206248521060022,38.87291518772669,110.0,11.092206139314085
23525,3.4375,3.2242570203588508,14.075460694059004,38.137960694059004,103.125,11.08338350748355
22852,3.5833333333333335,3.088345639315455,13.482140964995136,38.56547429832847,107.5,11.066571874213714
71053,3.6,3.067658115858003,13.39182979518325,38.59182979518325,108.0,11.04356921708881
22456,3.3055555555555554,3.3279718786968173,14.528226836059519,37.6671157249484,99.16666666666666,11.000795932358923
47422,4.166666666666667,2.6394443859772205,11.522467183724153,40.68913385039082,125.00000000000001,10.997684941571753
22780,3.9565217391304346,2.771252766752467,12.097875307529076,39.79352748144212,118.69565217391303,10.964521816281499
21742,3.076923076923077,3.5431407188885613,15.467544183771482,37.00600572223302,92.3076923076923,10.901971442734036
22634,3.2580645161290325,3.3363427275534696,14.564769690215918,37.37122130311914,97.74193548387098,10.870019854287111
22352,3.6666666666666665,2.958652258783684,12.91596585289089,38.582632519557556,110.0,10.848391615540175
22200,3.533333333333333,3.067494712224262,13.391116458309217,38.12444979164255,106.0,10.838481316525726
84429A,4.666666666666667,2.3094010767585034,10.081666528902849,42.74833319556952,140.0,10.777205024873016
84931A,4.666666666666667,2.309401076758503,10.081666528902847,42.748333195569515,140.0,10.777205024873014
22800,4.238095238095238,2.5080821737886083,10.94900680427225,40.615673470938916,127.14285714285714,10.629491117485054
23073,3.0,3.5355339059327373,15.434336720442507,36.43433672044251,90.0,10.606601717798211
72133,4.0,2.6457513110645907,11.55,39.55,120.0,10.583005244258363
21581,4.0,2.6457513110645907,11.55,39.55,120.0,10.583005244258363
84199,3.4,3.089151524748688,13.485659049523683,37.28565904952369,102.0,10.503115184145539
35004B,3.0,3.5000000000000004,15.279213821398013,36.27921382139802,90.0,10.500000000000002
22696,3.085714285714286,3.381362661025604,14.761303744429018,36.36130374442902,92.57142857142857,10.433919068307578
90129B,3.0,3.4641016151377544,15.12249979335427,36.12249979335427,90.0,10.392304845413264
22582,3.090909090909091,3.3601947995479504,14.668895663955075,36.30525930031871,92.72727272727272,10.38605665314821
21576,4.166666666666667,2.48327740429189,10.840721839434863,40.007388506101535,125.00000000000001,10.346989184549543
23524,3.380952380952381,3.0573876181503463,13.346994043603974,37.01366071027064,101.42857142857143,10.336881947079743
22978,3.3684210526315788,3.0588764516074907,13.35349353067145,36.9324408990925,101.05263157894737,10.303583836993653
23402,3.1,3.2812599206199238,14.324306265924365,36.024306265924366,93.0,10.171905753921765
47567B,3.625,2.80178514522438,12.231164090142851,37.606164090142855,108.75,10.156471151438376
22433,4.4,2.3021728866442674,10.0501119396751,40.8501119396751,132.0,10.129560701234778
22844,2.923076923076923,3.463213270049385,15.11862173205359,35.58016019359205,87.6923076923077,10.123238789375126
85054,3.5,2.8867513459481287,12.60208316112856,37.10208316112856,105.0,10.103629710818451
22120,3.2,3.1441555759399513,13.72577866643638,36.12577866643638,96.0,10.061297843007845
22350,4.2,2.3944379994757297,10.452894336020048,39.85289433602005,126.0,10.056639597798066
10120,4.25,2.362907813126304,10.315249633431078,40.06524963343108,127.5,10.042358205786792
23516,3.7777777777777777,2.6352313834736494,11.504075364843537,37.94851980928798,113.33333333333333,9.955318559789342
21577,4.333333333333333,2.29128784747792,10.002593413710265,40.3359267470436,130.0,9.928914005737653
22626,3.142857142857143,3.158800718314148,13.789711884087856,35.78971188408786,94.28571428571428,9.927659400415893
23408,4.777777777777778,2.0738017250381584,9.053159994297733,42.49760443874217,143.33333333333334,9.908163797404534
22779,3.9166666666666665,2.518050775926674,10.992524633863093,38.409191300529756,117.5,9.86236553904614
22796,2.7142857142857144,3.6075318036416135,15.74864279866681,34.74864279866681,81.42857142857143,9.791872038455809
22747,3.45,2.8186409565791215,12.30474796037778,36.45474796037778,103.5,9.72431130019797
23008,2.5,3.8544964466377265,16.82676439485619,34.32676439485619,75.0,9.636241116594316
21846,2.5,3.854496446637726,16.826764394856188,34.326764394856184,75.0,9.636241116594315
23539,3.9,2.4698178070456938,10.781964106784997,38.081964106784994,117.0,9.632289447478206
22583,3.5,2.7386127875258306,11.955385815606288,36.45538581560629,105.0,9.585144756340407
23518,3.5,2.7386127875258306,11.955385815606288,36.45538581560629,105.0,9.585144756340407
23517,3.5,2.7386127875258306,11.955385815606288,36.45538581560629,105.0,9.585144756340407
90200E,4.5,2.1213203435596424,9.260602032265503,40.7606020322655,135.0,9.54594154601839
22102,4.5,2.1213203435596424,9.260602032265503,40.7606020322655,135.0,9.54594154601839
35598A,4.5,2.1213203435596424,9.260602032265503,40.7606020322655,135.0,9.54594154601839
21455,4.5,2.1213203435596424,9.260602032265503,40.7606020322655,135.0,9.54594154601839
90200B,4.5,2.1213203435596424,9.260602032265503,40.7606020322655,135.0,9.54594154601839
23149,4.5,2.1213203435596424,9.260602032265503,40.7606020322655,135.0,9.54594154601839
23527,3.769230769230769,2.521700687824461,11.008458286524679,37.39307367114006,113.07692307692308,9.504871823338354
22377,3.0,3.1622776601683795,13.804890437812247,34.80489043781225,90.0,9.486832980505138
21755,2.875,3.298698266954748,14.400433186593329,34.52543318659333,86.25,9.483757517494901
21992,3.4545454545454546,2.7336289566668097,11.933628953507814,36.115447135325994,103.63636363636364,9.44344548666716
22509,3.3055555555555554,2.846746959947135,12.427444427556296,35.56633331644518,99.16666666666666,9.41008022871414
22589,4.25,2.206052281036573,9.630498429468746,39.380498429468744,127.5,9.375722194405434
23423,3.0,3.1224989991991987,13.631237104533101,34.6312371045331,90.0,9.367496997597597
22751,3.066666666666667,3.0480992587035436,13.306445806450347,34.77311247311702,92.0,9.347504393357534
22903,3.4444444444444446,2.697735676039774,11.776937207950121,35.888048319061234,103.33333333333334,9.292200661914778
23092,3.1538461538461537,2.9395621512438956,12.832628185755485,34.90955126267856,94.61538461538461,9.270926784692286
85180B,3.6666666666666665,2.516611478423583,10.986241395490998,36.652908062157664,110.0,9.22757542088647
23467,3.6666666666666665,2.516611478423583,10.986241395490998,36.652908062157664,110.0,9.22757542088647
23174,4.375,2.1020176642620223,9.176336385318587,39.801336385318585,131.25,9.196327281146347
21147,4.0,2.280350850198276,9.954848065138915,37.95484806513892,120.0,9.121403400793104
22201,2.8333333333333335,3.214550253664318,14.033085904390381,33.86641923772372,85.0,9.107892385382234
23403,3.1153846153846154,2.916531132382071,12.732086510979922,34.53977881867223,93.46153846153847,9.086116220113375
21936,3.466666666666667,2.614975188810639,11.415647156425255,35.68231382309192,104.0,9.065247321210215
23252,3.0555555555555554,2.9599726195518654,12.921729874176155,34.31061876306504,91.66666666666666,9.044360781964032
22932,3.6,2.5099800796022262,10.957292092483433,36.15729209248343,108.0,9.035928286568014
23413,3.0,2.984810028978546,13.030157328290398,34.0301573282904,90.0,8.954430086935638
22604,3.5,2.556038601690775,11.158360094565868,35.658360094565865,105.0,8.946135105917712
22191,2.9444444444444446,3.03262681463206,13.23890101179097,33.850012122902086,88.33333333333334,8.929401176416622
22671,2.6666666666666665,3.3393884397468874,14.578065715313537,33.2447323819802,80.0,8.905035839325032
20828,3.6666666666666665,2.4178820993079553,10.555239311501985,36.22190597816865,110.0,8.865567697462502
23114,3.230769230769231,2.743290182543769,11.975804935208066,34.59118955059268,96.92307692307692,8.862937512833716
22953,2.6,3.3730961708462712,14.72521646699973,32.92521646699973,78.0,8.770050044200305
21888,3.235294117647059,2.7025042852444665,11.797754522141316,34.44481334567073,97.05882352941177,8.743396216967392
21051,4.25,2.052872551885702,8.961793905240178,38.71179390524018,127.5,8.724708345514232
22101,5.333333333333333,1.632993161855452,7.128814768248646,44.462148101581974,160.0,8.709296863229078
22842,2.6,3.3399933466334266,14.580706430073956,32.780706430073955,78.0,8.68398270124691
21427,4.5,1.9148542155126762,8.359276284463865,39.85927628446387,135.0,8.616843969807043
22832,2.5714285714285716,3.309438162646486,14.447318090220064,32.447318090220065,77.14285714285715,8.50998384680525
21226,3.0,2.8284271247461903,12.347469376354006,33.347469376354006,90.0,8.485281374238571
21946,3.0,2.8284271247461903,12.347469376354006,33.347469376354006,90.0,8.485281374238571
47481,3.0,2.8284271247461903,12.347469376354006,33.347469376354006,90.0,8.485281374238571
22445,2.9473684210526314,2.8766045611396764,12.557787476931972,33.189366424300395,88.42105263157895,8.478413443359045
23469,3.789473684210526,2.225582255111908,9.71575632941829,36.24207211889197,113.68421052631578,8.433785387792494
23115,3.0625,2.743932700826802,11.9786098421311,33.4161098421311,91.875,8.403293896282081
23137,3.142857142857143,2.6726124191242437,11.667261889578034,33.667261889578036,94.28571428571428,8.399639031533336
21873,2.6923076923076925,3.1194180916910175,13.617787434652685,32.46394128080653,80.76923076923077,8.39843332378351
23152,3.1818181818181817,2.6388702816994174,11.519960937433773,33.792688210161046,95.45454545454545,8.396405441770874
21454,3.3333333333333335,2.5166114784235836,10.986241395491,34.319574728824335,100.0,8.388704928078612
84508C,3.3333333333333335,2.516611478423583,10.986241395490998,34.319574728824335,100.0,8.38870492807861
22789,3.4285714285714284,2.439750182371333,10.650704202070395,34.65070420207039,102.85714285714285,8.364857768130284
22282,3.1666666666666665,2.6394443859772205,11.522467183724153,33.68913385039082,95.0,8.35824055559453
22690,2.9166666666666665,2.8577380332470406,12.475425844435128,32.892092511101794,87.5,8.335069263637202
22357,3.3,2.496664441476534,10.899162811886058,33.99916281188605,99.0,8.238992656872561
20775,3.8,2.16794833886788,9.46415606380199,36.06415606380199,114.0,8.238203687697943
20936,3.0,2.7386127875258306,11.955385815606288,32.95538581560629,90.0,8.215838362577491
15044A,3.4,2.4129281427805145,10.53361286548922,34.33361286548922,102.0,8.20395568545375
23111,2.4782608695652173,3.301095757711525,14.410899407709792,31.75872549466631,74.34782608695652,8.180976443024214
22845,2.75,2.9672121302810415,12.953333883431407,32.203333883431405,82.5,8.159833358272865
22089,5.416666666666667,1.5050420310248864,6.570245429205822,44.48691209587249,162.5,8.152311001384803
23512,3.3076923076923075,2.4625398604088757,10.750192305972234,33.90403845981839,99.23076923076923,8.145324153660127
85131D,11.5,0.7071067811865476,3.0868673440885015,83.5868673440885,345.0,8.131727983645296
21813,3.357142857142857,2.4053511772118195,10.500535700620231,34.00053570062023,100.71428571428572,8.075107523496822
22935,4.0,2.0,8.730979326513149,36.73097932651315,120.0,8.0
22512,3.0,2.6457513110645907,11.55,32.55,90.0,7.937253933193772
90186B,3.0,2.6457513110645907,11.55,32.55,90.0,7.937253933193772
21251,3.0,2.6457513110645907,11.55,32.55,90.0,7.937253933193772
23017,3.0,2.6457513110645907,11.55,32.55,90.0,7.937253933193772
20748,2.6,3.0495901363953815,13.312954217603245,31.512954217603244,78.0,7.928934354627992
21129,2.6,3.0495901363953815,13.312954217603245,31.512954217603244,78.0,7.928934354627992
84663A,3.4,2.3021728866442674,10.0501119396751,33.8501119396751,102.0,7.827387814590509
23067,2.923076923076923,2.6602486870447053,11.613288144985534,32.07482660652399,87.6923076923077,7.776111546746061
23492,2.8823529411764706,2.689850203570277,11.742513259394636,31.91898384762993,86.47058823529412,7.753097645584916
23532,3.625,2.1339098923270936,9.315561577274877,34.69056157727488,108.75,7.735423359685714
21647,2.6666666666666665,2.8867513459481287,12.60208316112856,31.268749827795226,80.0,7.698003589195009
85023B,2.6666666666666665,2.8867513459481287,12.60208316112856,31.268749827795226,80.0,7.698003589195009
79191D,2.6666666666666665,2.8867513459481287,12.60208316112856,31.268749827795226,80.0,7.698003589195009
84952A,2.6666666666666665,2.8867513459481287,12.60208316112856,31.268749827795226,80.0,7.698003589195009
22104,2.6666666666666665,2.8867513459481287,12.60208316112856,31.268749827795226,80.0,7.698003589195009
21260,3.3333333333333335,2.29128784747792,10.002593413710265,33.3359267470436,100.0,7.637626158259733
23007,2.4705882352941178,3.0642626979997885,13.377007133620777,30.671124780679605,74.11764705882354,7.570531371528889
21706,3.0,2.507132682112035,10.94486180817282,31.94486180817282,90.0,7.521398046336106
23335,3.0952380952380953,2.427030323353252,10.595175789008882,32.26184245567555,92.85714285714286,7.512236715141018
22890,2.6875,2.774136502289196,12.110464225206234,30.922964225206236,80.625,7.455491849902214
22364,2.3076923076923075,3.2245055275865004,14.076545549792554,30.23039170363871,69.23076923076923,7.441166602122693
90158,3.5,2.1213203435596424,9.260602032265503,33.7606020322655,105.0,7.424621202458749
22946,2.4827586206896552,2.9594966953276316,12.919652231894768,30.298962576722353,74.48275862068965,7.3477159332272235
22607,2.5588235294117645,2.8624123802452197,12.495831657938153,30.407596363820502,76.76470588235293,7.324408149451003
21618,3.8,1.9235384061671343,8.397187028999651,34.99718702899965,114.0,7.30944594343511
20777,3.3,2.2135943621178655,9.663423306468573,32.76342330646857,99.0,7.304861394988956
23407,2.357142857142857,3.0937725468153876,13.50583207358954,30.005832073589538,70.71428571428572,7.292463860350557
22826,3.5,2.0816659994661326,9.087491403022067,33.58749140302207,105.0,7.285830998131464
23181,2.8333333333333335,2.5625508125043424,11.186789083557441,31.02012241689078,85.0,7.260560635428971
23070,3.25,2.217355782608345,9.679843748738923,32.429843748738925,97.5,7.206406293477122
21718,2.1818181818181817,3.2807981290588972,14.322290319638125,29.595017592365394,65.45454545454545,7.158105008855776
20754,2.3846153846153846,2.9871519752227074,13.040381070411186,29.73268876271888,71.53846153846153,7.123208556300302
23041,3.6666666666666665,1.9364916731037085,8.45373438191667,34.12040104858333,110.0,7.100469468046931
23421,2.857142857142857,2.4784787961282104,10.819773565098302,30.819773565098302,85.71428571428572,7.081367988937744
72351A,2.7058823529411766,2.616407505587407,11.421899920508743,30.36307639109698,81.1764705882353,7.079690897471808
22431,3.0,2.345207879911715,10.237980757942458,31.23798075794246,90.0,7.035623639735144
23173,2.7222222222222223,2.5591417212038783,11.171906730724169,30.227462286279724,81.66666666666667,6.966552463277225
23133,2.6,2.6749870196985173,11.677628183839388,29.877628183839388,78.0,6.954966251216145
22668,3.642857142857143,1.9057460827371866,8.319514824980898,33.8195148249809,109.28571428571428,6.942360729971179
23520,2.6666666666666665,2.581988897471611,11.271645842555557,29.93831250922222,80.0,6.885303726590963
21867,2.3076923076923075,2.982857002512172,13.021631411439378,29.175477565285533,69.23076923076923,6.883516159643473
22904,2.75,2.49284690951645,10.882497415575159,30.13249741557516,82.5,6.855329001170237
23128,2.8636363636363638,2.376380892699263,10.374066223039064,30.419520768493612,85.9090909090909,6.805090738184254
84600,2.5714285714285716,2.6367367999823097,11.51064724505099,29.51064724505099,77.14285714285715,6.780180342811654
22840,2.3703703703703702,2.8574887865470555,12.474337760542742,29.066930353135334,71.11111111111111,6.7733067532967235
22171,2.717948717948718,2.4915511755649007,10.876840902403341,29.902481928044367,81.53846153846155,6.771908323330243
23283,2.5384615384615383,2.6640506736739886,11.62988567831551,29.399116447546277,76.15384615384615,6.7625901716339705
22278,2.8461538461538463,2.3750843439814178,10.368406153013401,30.291483076090323,85.38461538461539,6.759855440562497
23306,2.9,2.330951164939612,10.175743216099747,30.475743216099747,87.0,6.759758378324874
22896,2.933333333333333,2.2824381283013584,9.963960056122263,30.497293389455592,88.0,6.695151843017317
21452,3.1578947368421053,2.115108557622118,9.23348454496488,31.338747702859614,94.73684210526316,6.679290181964583
23339,2.2941176470588234,2.9104275004359956,12.705441168811008,28.764264698222775,68.8235294117647,6.6768630892355185
21683,4.333333333333333,1.5275252316519468,6.668395609140179,37.00172894247351,130.0,6.619276003825102
20894,4.333333333333333,1.5275252316519465,6.668395609140178,37.00172894247351,130.0,6.619276003825101
22812,3.076923076923077,2.1393744592574433,9.339417087723492,30.87787862618503,92.3076923076923,6.582690643869056
22315,2.0833333333333335,3.146667308679955,13.736743609749729,28.320076943083063,62.50000000000001,6.5555568930832395
21621,2.7045454545454546,2.328584213582644,10.165410314417471,29.097228496235655,81.13636363636364,6.297761850371241
22349,2.7857142857142856,2.2592909516916153,9.862911295898854,29.362911295898854,83.57142857142857,6.293739079712356
23491,2.9166666666666665,2.1520236229555807,9.39463688109655,29.811303547763217,87.5,6.276735566953777
23420,2.625,2.38671920665766,10.419198025759947,28.794198025759947,78.75,6.265137917476358
21849,2.4285714285714284,2.5727509827124,11.231317821164177,28.231317821164176,72.85714285714285,6.2481095294444
21470,2.7,2.3118054512532935,10.092162800906454,28.992162800906456,81.0,6.241874718383893
23049,3.5,1.760681686165901,7.686237701242396,32.1862377012424,105.0,6.162385901580653
22891,2.923076923076923,2.1000610491736684,9.167794802375406,29.629333263913864,87.6923076923077,6.138639989892261
23538,2.5714285714285716,2.370453040886408,10.348188247224728,28.348188247224726,77.14285714285715,6.09545067656505
21561,2.7142857142857144,2.2336094083368714,9.750798783847245,28.750798783847245,81.42857142857143,6.062654108342937
21533,3.064516129032258,1.9652902053889774,8.579454076924971,30.03106698015078,91.93548387096774,6.02266353264364
84509A,3.466666666666667,1.7265434778633235,7.537207705775394,31.80387437244206,104.0,5.985350723259522
21465,2.5,2.380476142847617,10.391943995230154,27.891943995230154,75.0,5.951190357119042
22263,2.5,2.380476142847616,10.39194399523015,27.89194399523015,75.0,5.9511903571190405
22504,2.5,2.380476142847616,10.39194399523015,27.89194399523015,75.0,5.9511903571190405
23337,2.6875,2.2126530078919586,9.659313834325912,28.471813834325914,80.625,5.946504958709639
22767,2.9473684210526314,2.013114894621608,8.788232263418479,29.4198112107869,88.42105263157895,5.933391268358424
23411,2.6363636363636362,2.2482316283126735,9.814631934005474,28.26917738855093,79.0909090909091,5.9271561110061395
21464,2.4375,2.42126000256065,10.569985513235105,27.632485513235103,73.125,5.901821256241584
23112,2.608695652173913,2.2510427974361855,9.826904063755832,28.087773628973224,78.26086956521739,5.87228555852918
21317,2.9,2.0248456731316584,8.839442855746055,29.139442855746054,87.0,5.872052452081809
15044D,2.888888888888889,2.0275875100994067,8.851412316687096,29.073634538909317,86.66666666666667,5.857475029176064
21039,2.6666666666666665,2.179449471770337,9.514364140603409,28.181030807270073,80.0,5.811865258054231
23341,2.4,2.4148662379867796,10.542073600078577,27.342073600078578,72.0,5.795678971168271
22931,2.625,2.1998376563477846,9.603368549628822,27.978368549628822,78.75,5.774573847912935
21694,5.0,1.1547005383792515,5.0408332644514235,40.04083326445142,150.0,5.773502691896257
85185B,3.0,1.9148542155126764,8.359276284463865,29.359276284463867,90.0,5.7445626465380295
22374,2.526315789473684,2.2452028132252595,9.801409673049452,27.48562019936524,75.78947368421052,5.672091317621708
17174,4.0,1.4142135623730951,6.173734688177003,34.17373468817701,120.0,5.656854249492381
22341,4.0,1.4142135623730951,6.173734688177003,34.17373468817701,120.0,5.656854249492381
21469,2.25,2.5,10.913724158141436,26.663724158141434,67.5,5.625
20760,3.75,1.5,6.548234494884861,32.79823449488486,112.5,5.625
23479,2.35,2.3902213066443956,10.434486407051732,26.88448640705173,70.5,5.61702007061433
23184,2.7037037037037037,2.0720635350894274,9.045571944043772,27.9714978699697,81.11111111111111,5.6022458541306746
22277,2.5555555555555554,2.185812841434,9.54214336509361,27.431032253982494,76.66666666666666,5.585966150331333
23136,2.4285714285714284,2.29906813420444,10.036558174992061,27.03655817499206,72.85714285714285,5.583451183067925
48129,2.4210526315789473,2.2928824526173313,10.009554645963341,26.95692306701597,72.63157894736842,5.551189095810381
84086B,2.6666666666666665,2.0816659994661326,9.087491403022067,27.75415806968873,80.0,5.551109331909687
21344,2.6666666666666665,2.0816659994661326,9.087491403022067,27.75415806968873,80.0,5.551109331909687
23428,2.6923076923076925,2.05463827997496,8.969502172961954,27.8156560191158,80.76923076923077,5.531718446086431
47580,2.6,2.073644135332772,9.052472038067833,27.252472038067832,78.0,5.391474751865207
82613B,2.3333333333333335,2.3094010767585034,10.081666528902849,26.414999862236186,70.0,5.388602512436508
21253,2.3333333333333335,2.3094010767585034,10.081666528902849,26.414999862236186,70.0,5.388602512436508
22954,2.3333333333333335,2.3094010767585034,10.081666528902849,26.414999862236186,70.0,5.388602512436508
21557,2.5,2.15322168769582,9.399867020335979,26.89986702033598,75.0,5.3830542192395505
22635,2.6333333333333333,2.042367343994731,8.915933528781782,27.349266862115115,79.0,5.378234005852791
22623,2.5,2.1313979316066587,9.304595638715313,26.804595638715313,75.0,5.3284948290166465
22452,2.5714285714285716,2.0701966780270626,9.037422198835241,27.03742219883524,77.14285714285715,5.323362886355304
23536,2.9565217391304346,1.7959110341795181,7.840031055839112,28.535683229752156,88.69565217391303,5.309650014095967
22548,2.5,2.1213203435596424,9.260602032265503,26.760602032265503,75.0,5.303300858899106
85225,2.5,2.1213203435596424,9.260602032265503,26.760602032265503,75.0,5.303300858899106
22276,2.5,2.1213203435596424,9.260602032265503,26.760602032265503,75.0,5.303300858899106
90013C,2.5,2.1213203435596424,9.260602032265503,26.760602032265503,75.0,5.303300858899106
35810B,2.5,2.1213203435596424,9.260602032265503,26.760602032265503,75.0,5.303300858899106
22936,2.5,2.1213203435596424,9.260602032265503,26.760602032265503,75.0,5.303300858899106
21973,2.5,2.1213203435596424,9.260602032265503,26.760602032265503,75.0,5.303300858899106
22270,2.5,2.1213203435596424,9.260602032265503,26.760602032265503,75.0,5.303300858899106
85131C,2.5,2.1213203435596424,9.260602032265503,26.760602032265503,75.0,5.303300858899106
85184C,2.6666666666666665,1.9880595947760098,8.678853610932725,27.34552027759939,80.0,5.3014922527360255
21625,2.4285714285714284,2.173769703826679,9.48956917235567,26.489569172355672,72.85714285714285,5.279154995007648
23424,3.0,1.7580981459830651,7.67495928327962,28.67495928327962,90.0,5.274294437949195
84880,2.6666666666666665,1.9663841605003498,8.584229726655733,27.2508963933224,80.0,5.243691094667599
23466,2.4,2.1705094128132942,9.475336405637533,26.275336405637532,72.0,5.209222590751906
85059,2.3636363636363638,2.2033033051637387,9.618497803711348,26.163952349165896,70.9090909090909,5.207807812205201
22802,2.4166666666666665,2.151461800448216,9.392184250748066,26.30885091741473,72.5,5.199366017749855
85071D,2.7222222222222223,1.9037287113808912,8.31070801117804,27.366263566733597,81.66666666666667,5.182372603203537
23471,2.125,2.416461403433896,10.549037278349148,25.424037278349147,63.75,5.1349804822970295
POST,2.7752808988764044,1.83963155847374,8.030892552717694,27.457858844852524,83.25842696629213,5.105494325202402
17107D,2.5,1.9999999999999998,8.730979326513149,26.23097932651315,75.0,4.999999999999999
23533,2.909090909090909,1.7002673586554236,7.42249957898281,27.786135942619175,87.27272727272728,4.946232316088505
22839,2.0625,2.3796008068581584,10.388122725016295,24.825622725016295,61.875,4.907926664144952
21716,2.0,2.449489742783178,10.69322215237297,24.693222152372968,60.0,4.898979485566356
84673B,2.7142857142857144,1.799470821684875,7.855571271397136,26.855571271397135,81.42857142857143,4.884277944573232
22550,2.806451612903226,1.7401025800932863,7.596399826403337,27.24156111672592,84.19354838709678,4.883513692519869
22309,2.625,1.857417562100671,8.108537167701705,26.483537167701705,78.75,4.875721100514261
21466,2.3636363636363638,2.062654952856986,9.004498875562149,25.549953421016696,70.9090909090909,4.875366252207422
22763,2.3636363636363638,2.0626549528569855,9.004498875562147,25.549953421016696,70.9090909090909,4.875366252207421
84708B,3.25,1.5,6.548234494884861,29.29823449488486,97.5,4.875
84580,2.8095238095238093,1.7210185245675775,7.513088579272841,27.179755245939504,84.28571428571428,4.835242521404146
22358,2.4,2.0110804171997807,8.779350773263362,25.579350773263364,72.0,4.826593001279473
20617,2.2,2.16794833886788,9.46415606380199,24.864156063801993,66.0,4.769486345509336
44235,2.75,1.707825127659933,7.455492941449277,26.70549294144928,82.5,4.6965191010648155
22325,2.7142857142857144,1.7043362064926932,7.440262092157775,26.440262092157774,81.42857142857143,4.626055417623025
21257,2.586206896551724,1.7832002006687373,7.7845420435364225,25.887990319398494,77.58620689655173,4.611724656901907
22361,2.2142857142857144,2.0821058655036815,9.089411633662204,24.589411633662202,66.42857142857143,4.610377273615295
22627,2.2708333333333335,2.0289351922090555,8.857295609006123,24.75312894233946,68.125,4.607373665641397
20771,2.3,2.0027758514399734,8.743097277281088,24.843097277281085,69.0,4.606384458311938
21749,6.5,0.7071067811865476,3.0868673440885015,48.5868673440885,195.0,4.59619407771256
85039A,2.6923076923076925,1.702185623672077,7.430873745084397,26.277027591238244,80.76923076923077,4.5828074483479
22636,2.6785714285714284,1.7008401285415224,7.425,26.175,80.35714285714285,4.555821772879078
85130C,2.8333333333333335,1.6020819787597222,6.993872317965206,26.82720565129854,85.0,4.539232273152547
22318,2.0,2.2360679774997894,9.761531642114365,23.761531642114363,60.0,4.472135954999579
22510,2.2857142857142856,1.9386185179765918,8.46301910122459,24.46301910122459,68.57142857142857,4.4311280410893525
22846,2.4814814814814814,1.7839103627526194,7.787642248772847,25.158012619143218,74.44444444444444,4.426740529793537
20769,2.1,2.0789954839350235,9.075833295075444,23.775833295075444,63.0,4.3658905162635495
85177,2.3333333333333335,1.8708286933869707,8.167083322704624,24.50041665603796,70.0,4.365266951236265
23079,2.375,1.8371173070873839,8.019916614279728,24.64491661427973,71.25,4.3631536043325365
23336,2.1666666666666665,2.007339474206065,8.763019725293464,23.929686391960132,65.0,4.349235527446474
23051,2.5,1.7320508075688772,7.561249896677135,25.061249896677136,75.0,4.330127018922193
22511,2.25,1.9148542155126762,8.359276284463865,24.109276284463867,67.5,4.3084219849035215
23040,3.5454545454545454,1.2135597524338357,5.297782554994117,30.115964373175935,106.36363636363636,4.302620940447236
23047,3.0,1.4142135623730951,6.173734688177003,27.173734688177003,90.0,4.242640687119286
22265,3.0,1.4142135623730951,6.173734688177003,27.173734688177003,90.0,4.242640687119286
85106,3.0,1.4142135623730951,6.173734688177003,27.173734688177003,90.0,4.242640687119286
22354,3.0,1.4142135623730951,6.173734688177003,27.173734688177003,90.0,4.242640687119286
23464,3.0,1.4142135623730951,6.173734688177003,27.173734688177003,90.0,4.242640687119286
22106,3.0,1.4142135623730951,6.173734688177003,27.173734688177003,90.0,4.242640687119286
22372,2.235294117647059,1.888432278528472,8.243931591676105,23.89099041520552,67.05882352941177,4.221201563769526
20767,2.0,2.1081851067789197,9.20326029187483,23.20326029187483,60.0,4.216370213557839
22430,2.6666666666666665,1.5811388300841898,6.902445218906124,25.569111885572788,80.0,4.216370213557839
84912B,3.2,1.3038404810405297,5.691902142517913,28.091902142517917,96.0,4.172289539329696
22797,1.7777777777777777,2.3333333333333335,10.186142547598674,22.630586992043117,53.33333333333333,4.148148148148148
23048,2.6363636363636362,1.5666989036012806,6.839407869106799,25.293953323652254,79.0909090909091,4.130388018585194
15044C,2.25,1.8322507626258084,7.998671764736941,23.74867176473694,67.5,4.122564215908069
21624,2.1818181818181817,1.8877596148970779,8.240995085546405,23.513722358273675,65.45454545454545,4.118748250684534
22414,1.7142857142857142,2.3996336716761077,10.475575989304469,22.475575989304467,51.42857142857142,4.113657722873327
21192,2.6666666666666665,1.5275252316519468,6.668395609140179,25.33506227580684,80.0,4.073400617738525
22541,2.6666666666666665,1.5275252316519465,6.668395609140178,25.33506227580684,80.0,4.073400617738524
22375,2.0,2.0,8.730979326513149,22.73097932651315,60.0,4.0
22928,2.5,1.591644851508443,6.948309146835653,24.448309146835655,75.0,3.9791121287711073
22499,2.5,1.591644851508443,6.948309146835653,24.448309146835655,75.0,3.9791121287711073
22360,1.7083333333333333,2.31214499821132,10.093645089641909,22.05197842297524,51.25,3.9499143719443377
85232D,2.6,1.5055453054181622,6.57244246836745,24.77244246836745,78.0,3.914417794087222
22121,1.8076923076923077,2.154422999677283,9.405111335373402,22.058957489219555,54.23076923076923,3.8945338840320116
22084,5.5,0.7071067811865476,3.0868673440885015,41.5868673440885,165.0,3.8890872965260117
21644,5.5,0.7071067811865476,3.0868673440885015,41.5868673440885,165.0,3.8890872965260117
21534,2.272727272727273,1.6787441193290351,7.328540100183664,23.237631009274573,68.18181818181819,3.8153275439296257
23113,2.909090909090909,1.300349603340998,5.676662752004914,26.040299115641275,87.27272727272728,3.7828352097192672
22261,2.5,1.5118578920369088,6.6,24.1,75.0,3.779644730092272
21034,2.0365853658536586,1.8432108684443564,8.046517993396012,22.30261555437162,61.09756097560976,3.7538562808561893
84519B,2.28,1.6462077633154328,7.186502974326247,23.146502974326246,68.39999999999999,3.7533537003591864
20618,1.8333333333333333,2.0412414523193148,8.911018460310807,21.74435179364414,55.0,3.7422759959187437
84279P,2.6666666666666665,1.3972762620115438,6.0997950785251795,24.766461745191844,80.0,3.7260700320307834
23153,3.1818181818181817,1.1677484162422846,5.09779364038993,27.370520913117204,95.45454545454545,3.715563142589087
22362,1.9166666666666667,1.9286515936521476,8.41950859611177,21.83617526277844,57.5,3.6965822211666164
22424,1.9333333333333333,1.9106477207072163,8.340912874872087,21.87424620820542,58.0,3.693918926700618
23406,1.8666666666666667,1.978040363127335,8.635114758736663,21.70178142540333,56.0,3.6923420111710255
22776,1.868421052631579,1.9613984618203648,8.562464710604146,21.6414120790252,56.05263157894737,3.664718178664366
23117,2.2666666666666666,1.5796322658258455,6.89586832820929,22.762534994875956,68.0,3.580499802538583
71510,2.3333333333333335,1.5275252316519468,6.668395609140179,23.001728942473513,70.0,3.5642255405212095
72780,2.3333333333333335,1.5275252316519465,6.668395609140178,23.001728942473513,70.0,3.5642255405212087
23342,2.0714285714285716,1.6981159806084751,7.413107760357099,21.9131077603571,62.142857142857146,3.5175259598318416
22230,2.3333333333333335,1.505545305418162,6.5724424683674485,22.905775801700784,70.0,3.5129390459757115
84913B,3.5,1.0,4.365489663256574,28.865489663256575,105.0,3.5
22605,1.8518518518518519,1.8750118708076264,8.185344940494065,21.14830790345703,55.55555555555556,3.472244205199308
21711,2.0,1.7320508075688772,7.561249896677135,21.561249896677136,60.0,3.4641016151377544
84859B,2.0,1.7320508075688772,7.561249896677135,21.561249896677136,60.0,3.4641016151377544
22624,2.028169014084507,1.6645190724214391,7.266440804949214,21.463623903540764,60.84507042253521,3.375926006037848
85130D,2.25,1.5,6.548234494884861,22.29823449488486,67.5,3.375
23143,2.25,1.4880476182856899,6.496056496059744,22.246056496059744,67.5,3.348107141142802
84859C,2.125,1.5526475085202969,6.778066649126431,21.65306664912643,63.75,3.299375955605631
23046,2.2,1.4757295747452437,6.442282204312382,21.842282204312383,66.0,3.2466050644395366
22450,2.111111111111111,1.536590742882148,6.707971004707758,21.485748782485537,63.333333333333336,3.243913790528979
40005B,4.5,0.7071067811865476,3.0868673440885015,34.5868673440885,135.0,3.1819805153394642
17012A,4.5,0.7071067811865476,3.0868673440885015,34.5868673440885,135.0,3.1819805153394642
23314,2.1666666666666665,1.4641305136221772,6.391646622876154,21.55831328954282,65.0,3.172282779514717
22192,2.257142857142857,1.4004801097534827,6.113781442725261,21.913781442725263,67.71428571428571,3.161083676300718
23020,1.6153846153846154,1.938146087479026,8.46095671077086,19.76864901846317,48.46153846153846,3.1308513720815037
21056,2.1333333333333333,1.4573295865416045,6.3619572460053515,21.295290579338683,64.0,3.1089697846220896
22687,2.6666666666666665,1.1547005383792517,5.040833264451424,23.70749993111809,80.0,3.079201435678004
46118,2.6666666666666665,1.1547005383792517,5.040833264451424,23.70749993111809,80.0,3.079201435678004
23069,2.6666666666666665,1.1547005383792515,5.0408332644514235,23.707499931118086,80.0,3.0792014356780038
84509C,2.6666666666666665,1.1547005383792515,5.0408332644514235,23.707499931118086,80.0,3.0792014356780038
48188,2.0,1.5374122295716148,6.711557196359128,20.711557196359127,60.0,3.0748244591432297
37475,1.75,1.7525491637693282,7.650735258783956,19.900735258783957,52.5,3.0669610365963242
23253,2.5,1.224744871391589,5.346611076186485,22.846611076186484,75.0,3.0618621784789726
72760B,2.3125,1.3022416570411703,5.684922492875342,21.87242249287534,69.375,3.0114338319077065
21707,2.0833333333333335,1.4433756729740643,6.30104158056428,20.884374913897613,62.50000000000001,3.007032652029301
37489D,3.0,1.0,4.365489663256574,25.365489663256575,90.0,3.0
21689,3.0,1.0,4.365489663256574,25.365489663256575,90.0,3.0
20669,2.6,1.140175425099138,4.977424032569457,23.177424032569455,78.0,2.964456105257759
21865,1.7777777777777777,1.6414763002993509,7.1658478214374615,19.610292265881903,53.33333333333333,2.918180089421068
22428,1.7777777777777777,1.6414763002993507,7.16584782143746,19.610292265881903,53.33333333333333,2.918180089421068
23472,1.9090909090909092,1.513574937328539,6.607495743471954,19.971132107108318,57.27272727272727,2.8895521530817563
22762,2.142857142857143,1.3451854182690985,5.872393038617221,20.872393038617222,64.28571428571428,2.882540182005211
22376,2.1,1.3703203194062976,5.98211918971864,20.68211918971864,63.0,2.877672670753225
21261,2.2,1.3038404810405297,5.691902142517913,21.091902142517917,66.0,2.8684490582891655
21366,2.0,1.4142135623730951,6.173734688177003,20.173734688177003,60.0,2.8284271247461903
84920,2.0,1.4142135623730951,6.173734688177003,20.173734688177003,60.0,2.8284271247461903
37489A,2.0,1.4142135623730951,6.173734688177003,20.173734688177003,60.0,2.8284271247461903
21708,2.0,1.4142135623730951,6.173734688177003,20.173734688177003,60.0,2.8284271247461903
21277,2.0,1.4142135623730951,6.173734688177003,20.173734688177003,60.0,2.8284271247461903
85180A,2.0,1.4142135623730951,6.173734688177003,20.173734688177003,60.0,2.8284271247461903
37489B,2.0,1.4142135623730951,6.173734688177003,20.173734688177003,60.0,2.8284271247461903
47420,2.0,1.4142135623730951,6.173734688177003,20.173734688177003,60.0,2.8284271247461903
21190,2.0,1.4142135623730951,6.173734688177003,20.173734688177003,60.0,2.8284271247461903
22162,2.0,1.4142135623730951,6.173734688177003,20.173734688177003,60.0,2.8284271247461903
20735,2.4,1.140175425099138,4.977424032569457,21.777424032569456,72.0,2.7364210202379313
79160,1.7692307692307692,1.535895295576609,6.704935036684088,19.08955042129947,53.07692307692307,2.7173532152509234
22429,2.0294117647058822,1.3367825261730646,5.835710300030525,20.0415926529717,60.882352941176464,2.712882185468866
20659,2.111111111111111,1.2692955176439846,5.541096461892717,20.318874239670496,63.333333333333336,2.6796238705817452
21713,2.2222222222222223,1.2018504251546631,5.246665607793201,20.802221163348758,66.66666666666667,2.670778722565918
21682,2.125,1.246423454758225,5.4412487077875795,20.31624870778758,63.75,2.648649841361228
20766,2.75,0.9574271077563381,4.179638142231933,23.429638142231934,82.5,2.63292454632993
23465,2.0,1.3093073414159542,5.715767664977294,19.715767664977292,60.0,2.6186146828319083
23430,2.0588235294117645,1.2485285456935955,5.450438460506155,19.862203166388507,61.764705882352935,2.5704999470162258
22781,1.95,1.3168942730211068,5.748888336475423,19.398888336475423,58.5,2.5679438323911583
20756,2.5,1.0,4.365489663256574,21.865489663256575,75.0,2.5
72131,3.5,0.7071067811865476,3.0868673440885015,27.586867344088503,105.0,2.4748737341529163
81952V,3.5,0.7071067811865476,3.0868673440885015,27.586867344088503,105.0,2.4748737341529163
23487,1.8,1.3732131246511905,5.994747701113034,18.594747701113032,54.0,2.471783624372143
21913,1.75,1.3568010505999362,5.9231009614896815,18.17310096148968,52.5,2.3744018385498884
23050,1.8,1.3038404810405297,5.691902142517913,18.291902142517912,54.0,2.3469128658729534
47471,1.8,1.3038404810405297,5.691902142517913,18.291902142517912,54.0,2.3469128658729534
21125,1.8,1.3038404810405297,5.691902142517913,18.291902142517912,54.0,2.3469128658729534
23429,2.2,1.0563093645728086,4.611307612243716,20.01130761224372,66.0,2.323880602060179
20764,1.8333333333333333,1.2673044646258476,5.532404540523044,18.365737873856375,55.0,2.3233915184807206
20751,1.8181818181818181,1.2587357087234732,5.494997725204261,18.222270452476987,54.54545454545455,2.2886103794972237
21370,1.8571428571428572,1.2149857925879117,5.304007918546126,18.304007918546127,55.714285714285715,2.2564021862346935
84843,2.0,1.0954451150103321,4.782154326242514,18.782154326242512,60.0,2.1908902300206643
22822,1.6,1.3416407864998738,5.85691898526862,17.05691898526862,48.0,2.1466252583997982
21355,1.6,1.3416407864998738,5.85691898526862,17.05691898526862,48.0,2.1466252583997982
23470,2.0,1.058300524425836,4.619999999999999,18.619999999999997,60.0,2.116601048851672
23556,2.0476190476190474,1.023532631438318,4.468221122549778,18.80155445588311,61.42857142857142,2.095804911992746
23414,1.9166666666666667,1.0836246694508316,4.7305522933374275,18.147218960004096,57.5,2.076947283114094
37449,2.0833333333333335,0.996204919895622,4.348922280289681,18.932255613623013,62.50000000000001,2.0754269164492127
20752,1.8333333333333333,1.1146408580454257,4.865953144040744,17.699286477374077,55.0,2.043508239749947
22222,1.6153846153846154,1.2608503439122303,5.504229143262338,16.811921450954646,48.46153846153846,2.0367582478582182
21710,1.6666666666666667,1.2110601416389968,5.286870529907083,16.953537196573752,50.0,2.018433569398328
22324,2.0,1.0,4.365489663256574,18.365489663256575,60.0,2.0
21816,2.0,1.0,4.365489663256574,18.365489663256575,60.0,2.0
84849A,2.0,1.0,4.365489663256574,18.365489663256575,60.0,2.0
51008,2.0,1.0,4.365489663256574,18.365489663256575,60.0,2.0
20794,2.0,1.0,4.365489663256574,18.365489663256575,60.0,2.0
84360,2.0,1.0,4.365489663256574,18.365489663256575,60.0,2.0
23555,2.0588235294117645,0.9663454503498037,4.2185710746370875,18.630335780519438,61.764705882352935,1.989534750720184
23317,1.8461538461538463,1.0681880176381129,4.663163749413713,17.586240672490636,55.38461538461539,1.9720394171780546
23400,1.8461538461538463,1.0681880176381127,4.663163749413712,17.586240672490636,55.38461538461539,1.9720394171780542
23554,1.9,1.0208355710680808,4.456447133382329,17.756447133382327,57.0,1.9395875850293534
35400,1.6666666666666667,1.1547005383792517,5.040833264451424,16.707499931118093,50.0,1.924500897298753
22292,1.6666666666666667,1.1547005383792517,5.040833264451424,16.707499931118093,50.0,1.924500897298753
21622,1.6666666666666667,1.1547005383792517,5.040833264451424,16.707499931118093,50.0,1.924500897298753
22606,1.6666666666666667,1.1547005383792517,5.040833264451424,16.707499931118093,50.0,1.924500897298753
23297,1.6666666666666667,1.1547005383792517,5.040833264451424,16.707499931118093,50.0,1.924500897298753
22847,1.702127659574468,1.1212356075761136,4.894742454948729,16.809636071970004,51.06382978723404,1.908486140555087
23315,1.9,0.9944289260117533,4.341169197347646,17.641169197347644,57.0,1.889414959422331
22320,1.9,0.9944289260117533,4.341169197347646,17.641169197347644,57.0,1.889414959422331
22914,1.875,0.9910312089651149,4.326336498701875,17.451336498701874,56.25,1.8581835168095904
21906,2.0,0.9258200997725514,4.0416580755922435,18.041658075592245,60.0,1.8516401995451028
23016,2.2,0.8366600265340756,3.652430697494478,19.05243069749448,66.0,1.8406520583749664
20761,1.5714285714285714,1.1338934190276817,4.95,15.95,47.14285714285714,1.7818325156149284
22283,2.125,0.8345229603962802,3.6431013573602367,18.518101357360237,63.75,1.7733612908420953
20698,2.5,0.7071067811865476,3.0868673440885015,20.586867344088503,75.0,1.7677669529663689
21042,1.8888888888888888,0.927960727138337,4.051002962230465,17.273225184452684,56.666666666666664,1.7528147068168587
21065,1.625,1.0606601717798212,4.630301016132751,16.00530101613275,48.75,1.7235727791422095
21947,1.588235294117647,1.0641207361838556,4.645408074267598,15.763055133091127,47.647058823529406,1.6900741104096528
84508B,1.75,0.9574271077563382,4.179638142231933,16.429638142231934,52.5,1.675497438573592
21715,1.75,0.9574271077563382,4.179638142231933,16.429638142231934,52.5,1.675497438573592
23094,1.75,0.9574271077563381,4.179638142231933,16.429638142231934,52.5,1.6754974385735917
21841,1.8571428571428572,0.8997354108424375,3.927785635698568,16.92778563569857,55.714285714285715,1.6709371915645268
23485,1.5714285714285714,1.0625064049817194,4.6383607280916,15.6383607280916,47.14285714285714,1.6696529221141305
22498,1.6666666666666667,1.0,4.365489663256574,16.032156329923243,50.0,1.6666666666666667
21351,1.8461538461538463,0.8987170342729172,3.9233399233110244,16.846416846387946,55.38461538461539,1.659169909426924
47563A,1.6666666666666667,0.9847319278346618,4.298837052040935,15.965503718707602,50.0,1.6412198797244364
72128,2.0,0.816496580927726,3.564407384124323,17.564407384124323,60.0,1.632993161855452
22487,1.605263157894737,1.0010662878451297,4.370144531822544,15.606986637085704,48.15789473684211,1.6069748304882348
23558,1.8095238095238095,0.8728715609439694,3.8105117766515297,16.477178443318195,54.285714285714285,1.5794818721843258
23316,1.7619047619047619,0.8890872794479687,3.8813013281630173,16.214634661496348,52.857142857142854,1.5664871114083259
23557,1.6153846153846154,0.9607689228305228,4.194226801394801,15.501919109087108,48.46153846153846,1.5520113368800754
90161D,2.6666666666666665,0.5773502691896257,2.5204166322257118,21.187083298892375,80.0,1.5396007178390019
22641,1.8,0.8366600265340756,3.652430697494478,16.25243069749448,54.0,1.505988047761336
22229,1.8,0.8366600265340756,3.652430697494478,16.25243069749448,54.0,1.505988047761336
20780,1.5,1.0,4.365489663256574,14.865489663256575,45.0,1.5
22449,1.7777777777777777,0.8333333333333334,3.6379080527138123,16.082352497158254,53.33333333333333,1.4814814814814814
85135C,1.4444444444444444,1.0137937550497031,4.425706158343547,14.536817269454659,43.333333333333336,1.4643687572940156
84989A,1.6,0.894427190999916,3.904612656845747,15.104612656845749,48.0,1.4310835055998656
21288,1.6,0.8944271909999159,3.904612656845746,15.104612656845747,48.0,1.4310835055998654
22894,2.0,0.7071067811865476,3.0868673440885015,17.086867344088503,60.0,1.4142135623730951
21028,2.0,0.7071067811865476,3.0868673440885015,17.086867344088503,60.0,1.4142135623730951
23183,1.6666666666666667,0.816496580927726,3.564407384124323,15.23107405079099,50.0,1.3608276348795434
21739,1.4545454545454546,0.9341987329938276,4.0782349123119435,14.260053094130125,43.63636363636364,1.3588345207182948
48116,1.4545454545454546,0.9341987329938275,4.078234912311943,14.260053094130125,43.63636363636364,1.3588345207182946
23299,1.6,0.8432740427115678,3.6813041167499323,14.881304116749934,48.0,1.3492384683385086
22117,2.3333333333333335,0.5773502691896257,2.5204166322257118,18.853749965559047,70.0,1.3471506281091268
22841,1.6875,0.7932002689527194,3.4627075750054312,15.275207575005432,50.625,1.338525453857714
22913,1.5,0.8366600265340756,3.652430697494478,14.152430697494477,45.0,1.2549900398011133
22912,1.5714285714285714,0.7867957924694432,3.434748899119119,14.43474889911912,47.14285714285714,1.2363933881662679
85170D,1.625,0.7440238091428449,3.248028248029872,14.623028248029872,48.75,1.209038689857123
23544,1.625,0.7440238091428449,3.248028248029872,14.623028248029872,48.75,1.209038689857123
85136C,1.3571428571428572,0.8418973861410954,3.675294336721681,13.17529433672168,40.714285714285715,1.1425750240486297
90099,1.5,0.7559289460184545,3.3,13.8,45.0,1.1338934190276817
21055,1.380952380952381,0.8047478161629564,3.5131182729876884,13.179784939654354,41.42857142857143,1.1113184127964637
84581,1.5454545454545454,0.6875516509523286,3.001499625187383,13.819681443369202,46.36363636363636,1.0625798241990534
20935,1.5,0.7071067811865476,3.0868673440885015,13.586867344088501,45.0,1.0606601717798214
85161,1.5,0.7071067811865476,3.0868673440885015,13.586867344088501,45.0,1.0606601717798214
23702,1.5,0.7071067811865476,3.0868673440885015,13.586867344088501,45.0,1.0606601717798214
35637C,1.5,0.7071067811865476,3.0868673440885015,13.586867344088501,45.0,1.0606601717798214
90147,1.5,0.7071067811865476,3.0868673440885015,13.586867344088501,45.0,1.0606601717798214
71403,1.5,0.7071067811865476,3.0868673440885015,13.586867344088501,45.0,1.0606601717798214
23268,1.5,0.7071067811865476,3.0868673440885015,13.586867344088501,45.0,1.0606601717798214
85096,1.5,0.7071067811865476,3.0868673440885015,13.586867344088501,45.0,1.0606601717798214
84882,1.5,0.7071067811865476,3.0868673440885015,13.586867344088501,45.0,1.0606601717798214
20697,1.5,0.7071067811865476,3.0868673440885015,13.586867344088501,45.0,1.0606601717798214
22503,1.5,0.7071067811865476,3.0868673440885015,13.586867344088501,45.0,1.0606601717798214
85163A,1.5,0.7071067811865476,3.0868673440885015,13.586867344088501,45.0,1.0606601717798214
85169B,1.5,0.7071067811865476,3.0868673440885015,13.586867344088501,45.0,1.0606601717798214
20699,1.5,0.7071067811865476,3.0868673440885015,13.586867344088501,45.0,1.0606601717798214
84877B,1.5,0.7071067811865476,3.0868673440885015,13.586867344088501,45.0,1.0606601717798214
22243,1.5,0.7071067811865476,3.0868673440885015,13.586867344088501,45.0,1.0606601717798214
90184B,1.5,0.7071067811865476,3.0868673440885015,13.586867344088501,45.0,1.0606601717798214
21709,1.5,0.7071067811865476,3.0868673440885015,13.586867344088501,45.0,1.0606601717798214
22782,1.4444444444444444,0.7264831572567789,3.171454713534469,13.28256582464558,43.333333333333336,1.0493645604820139
21025,1.6666666666666667,0.5773502691896257,2.5204166322257118,14.187083298892379,50.0,0.9622504486493763
21937,1.6666666666666667,0.5773502691896257,2.5204166322257118,14.187083298892379,50.0,0.9622504486493763
23116,1.3333333333333333,0.7071067811865476,3.0868673440885015,12.420200677421834,40.0,0.9428090415820634
21066,1.6,0.5477225575051662,2.391077163121258,13.591077163121259,48.0,0.8763560920082659
23053,1.75,0.5,2.182744831628287,14.432744831628288,52.5,0.875
23468,1.75,0.5,2.182744831628287,14.432744831628288,52.5,0.875
85168B,1.5,0.5773502691896257,2.5204166322257118,13.02041663222571,45.0,0.8660254037844386
84510C,1.5,0.5773502691896257,2.5204166322257118,13.02041663222571,45.0,0.8660254037844386
21741,1.5,0.5773502691896257,2.5204166322257118,13.02041663222571,45.0,0.8660254037844386
22514,1.5,0.5773502691896257,2.5204166322257118,13.02041663222571,45.0,0.8660254037844386
23540,1.5,0.5773502691896257,2.5204166322257118,13.02041663222571,45.0,0.8660254037844386
23052,1.6666666666666667,0.5163977794943222,2.2543291685111115,13.920995835177779,50.0,0.8606629658238704
22843,1.5,0.5477225575051661,2.391077163121257,12.891077163121256,45.0,0.8215838362577491
23463,1.8,0.4472135954999579,1.952306328422873,14.552306328422873,54.0,0.8049844718999243
23458,1.5789473684210527,0.5072572735017881,2.214426384083769,13.267057963031137,47.36842105263158,0.8009325371080864
23459,1.5,0.5270462766947299,2.3008150729687076,12.800815072968707,45.0,0.7905694150420949
22559,1.3333333333333333,0.5773502691896258,2.520416632225712,11.853749965559045,40.0,0.769800358919501
21556,1.3333333333333333,0.5773502691896258,2.520416632225712,11.853749965559045,40.0,0.769800358919501
84706F,1.3333333333333333,0.5773502691896258,2.520416632225712,11.853749965559045,40.0,0.769800358919501
22882,1.3333333333333333,0.5773502691896257,2.5204166322257118,11.853749965559043,40.0,0.7698003589195009
84968A,1.3333333333333333,0.5773502691896257,2.5204166322257118,11.853749965559043,40.0,0.7698003589195009
21372,1.3333333333333333,0.5773502691896257,2.5204166322257118,11.853749965559043,40.0,0.7698003589195009
22497,1.3333333333333333,0.5773502691896257,2.5204166322257118,11.853749965559043,40.0,0.7698003589195009
84247N,1.3333333333333333,0.5773502691896257,2.5204166322257118,11.853749965559043,40.0,0.7698003589195009
22761,1.3333333333333333,0.5773502691896257,2.5204166322257118,11.853749965559043,40.0,0.7698003589195009
46775D,1.3333333333333333,0.5773502691896257,2.5204166322257118,11.853749965559043,40.0,0.7698003589195009
22293,1.3333333333333333,0.5773502691896257,2.5204166322257118,11.853749965559043,40.0,0.7698003589195009
35637A,1.4,0.5477225575051662,2.391077163121258,12.191077163121257,42.0,0.7668115805072326
22770,1.4,0.5477225575051661,2.391077163121257,12.191077163121257,42.0,0.7668115805072324
47566B,1.4,0.5477225575051661,2.391077163121257,12.191077163121257,42.0,0.7668115805072324
23099,1.4444444444444444,0.5270462766947299,2.3008150729687076,12.411926184079817,43.333333333333336,0.7612890663368321
22794,1.4,0.5163977794943222,2.2543291685111115,12.05432916851111,42.0,0.722956891292051
21922,1.3333333333333333,0.5163977794943223,2.254329168511112,11.587662501844445,40.0,0.6885303726590963
21629,1.3333333333333333,0.5163977794943222,2.2543291685111115,11.587662501844443,40.0,0.6885303726590962
20781,1.3333333333333333,0.5,2.182744831628287,11.51607816496162,40.0,0.6666666666666666
23462,1.3529411764705883,0.492592183071889,2.1504060834013217,11.62099431869544,40.58823529411765,0.6664482476854969
22167,1.3,0.48304589153964794,2.1087318463948894,11.208731846394889,39.0,0.6279596590015424
21222,1.2857142857142858,0.4879500364742666,2.1301408404140796,11.130140840414079,38.57142857142858,0.6273643326097714
72132,1.25,0.5,2.182744831628287,10.932744831628288,37.5,0.625
20655,1.25,0.5,2.182744831628287,10.932744831628288,37.5,0.625
72800D,1.25,0.5,2.182744831628287,10.932744831628288,37.5,0.625
20782,1.25,0.5,2.182744831628287,10.932744831628288,37.5,0.625
21630,1.25,0.5,2.182744831628287,10.932744831628288,37.5,0.625
84674,1.25,0.5,2.182744831628287,10.932744831628288,37.5,0.625
71270,1.25,0.5,2.182744831628287,10.932744831628288,37.5,0.625
21723,1.25,0.5,2.182744831628287,10.932744831628288,37.5,0.625
85169C,1.25,0.5,2.182744831628287,10.932744831628288,37.5,0.625
84078A,1.2727272727272727,0.46709936649691375,2.0391174561559713,10.94820836524688,38.18181818181818,0.5944901028142539
85136A,1.2222222222222223,0.44095855184409843,1.925,10.480555555555558,36.66666666666667,0.538949341142787
21528,1.2,0.4472135954999579,1.952306328422873,10.352306328422873,36.0,0.5366563145999494
22515,1.2,0.4472135954999579,1.952306328422873,10.352306328422873,36.0,0.5366563145999494
47594A,1.2,0.4472135954999579,1.952306328422873,10.352306328422873,36.0,0.5366563145999494
22409,1.1666666666666667,0.408248290463863,1.7822036920621616,9.94887035872883,35.0,0.47628967220784024
22359,1.1666666666666667,0.408248290463863,1.7822036920621616,9.94887035872883,35.0,0.47628967220784024
23019,1.1666666666666667,0.408248290463863,1.7822036920621616,9.94887035872883,35.0,0.47628967220784024
22688,1.1666666666666667,0.408248290463863,1.7822036920621616,9.94887035872883,35.0,0.47628967220784024
22517,1.1666666666666667,0.408248290463863,1.7822036920621616,9.94887035872883,35.0,0.47628967220784024
23427,1.1428571428571428,0.3779644730092272,1.65,9.65,34.285714285714285,0.43195939772483105
22363,1.1428571428571428,0.3779644730092272,1.65,9.65,34.285714285714285,0.43195939772483105
20765,1.125,0.3535533905932738,1.5434336720442507,9.418433672044252,33.75,0.39774756441743303
21896,1.1111111111111112,0.3333333333333333,1.4551632210855248,9.232940998863302,33.333333333333336,0.37037037037037035
22933,1.0,0.0,0.0,7.0,30.0,0.0
79063D,1.0,0.0,0.0,7.0,30.0,0.0
85208,1.0,0.0,0.0,7.0,30.0,0.0
90180B,1.0,0.0,0.0,7.0,30.0,0.0
23142,1.0,0.0,0.0,7.0,30.0,0.0
35591T,1.0,0.0,0.0,7.0,30.0,0.0
21275,1.0,0.0,0.0,7.0,30.0,0.0
85170B,1.0,0.0,0.0,7.0,30.0,0.0
21850,1.0,0.0,0.0,7.0,30.0,0.0
84711A,1.0,0.0,0.0,7.0,30.0,0.0
84617,1.0,0.0,0.0,7.0,30.0,0.0
21471,1.0,0.0,0.0,7.0,30.0,0.0
85089,1.0,0.0,0.0,7.0,30.0,0.0
23091,1.0,0.0,0.0,7.0,30.0,0.0
15058B,1.0,0.0,0.0,7.0,30.0,0.0
22887,1.0,0.0,0.0,7.0,30.0,0.0
72586,1.0,0.0,0.0,7.0,30.0,0.0
90211A,1.0,0.0,0.0,7.0,30.0,0.0
21270,1.0,0.0,0.0,7.0,30.0,0.0
79063C,1.0,0.0,0.0,7.0,30.0,0.0
90166,1.0,0.0,0.0,7.0,30.0,0.0
21725,1.0,0.0,0.0,7.0,30.0,0.0
90195B,1.0,0.0,0.0,7.0,30.0,0.0
90196A,1.0,0.0,0.0,7.0,30.0,0.0
90196B,1.0,0.0,0.0,7.0,30.0,0.0
21761,1.0,0.0,0.0,7.0,30.0,0.0
21851,1.0,0.0,0.0,7.0,30.0,0.0
21473,1.0,0.0,0.0,7.0,30.0,0.0
21802,1.0,0.0,0.0,7.0,30.0,0.0
90184C,1.0,0.0,0.0,7.0,30.0,0.0
21358,1.0,0.0,0.0,7.0,30.0,0.0
90183A,1.0,0.0,0.0,7.0,30.0,0.0
84744,1.0,0.0,0.0,7.0,30.0,0.0
90184A,1.0,0.0,0.0,7.0,30.0,0.0
84616,1.0,0.0,0.0,7.0,30.0,0.0
47369A,1.0,0.0,0.0,7.0,30.0,0.0
21830,1.0,0.0,0.0,7.0,30.0,0.0
84201B,1.0,0.0,0.0,7.0,30.0,0.0
85024C,1.0,0.0,0.0,7.0,30.0,0.0
16046,1.0,0.0,0.0,7.0,30.0,0.0
84842,1.0,0.0,0.0,7.0,30.0,0.0
90049,1.0,0.0,0.0,7.0,30.0,0.0
23444,1.0,0.0,0.0,7.0,30.0,0.0
35638A,1.0,0.0,0.0,7.0,30.0,0.0
17012B,1.0,0.0,0.0,7.0,30.0,0.0
79403,1.0,0.0,0.0,7.0,30.0,0.0
90065B,1.0,0.0,0.0,7.0,30.0,0.0
22827,1.0,0.0,0.0,7.0,30.0,0.0
85216,1.0,0.0,0.0,7.0,30.0,0.0
90159,1.0,0.0,0.0,7.0,30.0,0.0
90160B,1.0,0.0,0.0,7.0,30.0,0.0
17129F,1.0,0.0,0.0,7.0,30.0,0.0
22825,1.0,0.0,0.0,7.0,30.0,0.0
84915,1.0,0.0,0.0,7.0,30.0,0.0
20847,1.0,0.0,0.0,7.0,30.0,0.0
20901,1.0,0.0,0.0,7.0,30.0,0.0
22824,1.0,0.0,0.0,7.0,30.0,0.0
85135B,1.0,0.0,0.0,7.0,30.0,0.0
21269,1.0,0.0,0.0,7.0,30.0,0.0
21823,1.0,0.0,0.0,7.0,30.0,0.0
90189A,1.0,0.0,0.0,7.0,30.0,0.0
35638B,1.0,0.0,0.0,7.0,30.0,0.0
90130A,1.0,0.0,0.0,7.0,30.0,0.0
22886,1.0,0.0,0.0,7.0,30.0,0.0
90206C,1.0,0.0,0.0,7.0,30.0,0.0
16254,1.0,0.0,0.0,7.0,30.0,0.0
20933,1.0,0.0,0.0,7.0,30.0,0.0
22526,1.0,0.0,0.0,7.0,30.0,0.0
85129C,1.0,0.0,0.0,7.0,30.0,0.0
79161A,1.0,0.0,0.0,7.0,30.0,0.0
21000,1.0,0.0,0.0,7.0,30.0,0.0
90082D,1.0,0.0,0.0,7.0,30.0,0.0
20695,1.0,0.0,0.0,7.0,30.0,0.0
90190C,1.0,0.0,0.0,7.0,30.0,0.0
20770,1.0,0.0,0.0,7.0,30.0,0.0
90188,1.0,0.0,0.0,7.0,30.0,0.0
75011,1.0,0.0,0.0,7.0,30.0,0.0
75178,1.0,0.0,0.0,7.0,30.0,0.0
35649,1.0,0.0,0.0,7.0,30.0,0.0
C2,1.0,0.0,0.0,7.0,30.0,0.0
90130B,1.0,0.0,0.0,7.0,30.0,0.0
90155,1.0,0.0,0.0,7.0,30.0,0.0
BANK CHARGES,1.0,0.0,0.0,7.0,30.0,0.0
84968C,1.0,0.0,0.0,7.0,30.0,0.0
90145,1.0,0.0,0.0,7.0,30.0,0.0
21631,1.0,0.0,0.0,7.0,30.0,0.0
84952B,1.0,0.0,0.0,7.0,30.0,0.0
90154,1.0,0.0,0.0,7.0,30.0,0.0
21943,1.0,0.0,0.0,7.0,30.0,0.0
84922,1.0,0.0,0.0,7.0,30.0,0.0
21824,1.0,0.0,0.0,7.0,30.0,0.0
22888,1.0,0.0,0.0,7.0,30.0,0.0
84522,1.0,0.0,0.0,7.0,30.0,0.0
22183,1.0,0.0,0.0,7.0,30.0,0.0
21722,1.0,0.0,0.0,7.0,30.0,0.0
90040C,1.0,0.0,0.0,7.0,30.0,0.0
84527,1.0,0.0,0.0,7.0,30.0,0.0
79157B,1.0,0.0,0.0,7.0,30.0,0.0
84550,1.0,0.0,0.0,7.0,30.0,0.0
22291,1.0,0.0,0.0,7.0,30.0,0.0
84824,1.0,0.0,0.0,7.0,30.0,0.0
22289,1.0,0.0,0.0,7.0,30.0,0.0
22288,1.0,0.0,0.0,7.0,30.0,0.0
84497,1.0,0.0,0.0,7.0,30.0,0.0
21467,1.0,0.0,0.0,7.0,30.0,0.0
21468,1.0,0.0,0.0,7.0,30.0,0.0
90094,1.0,0.0,0.0,7.0,30.0,0.0
84968F,1.0,0.0,0.0,7.0,30.0,0.0
90098,1.0,0.0,0.0,7.0,30.0,0.0
84968E,1.0,0.0,0.0,7.0,30.0,0.0
84968D,1.0,0.0,0.0,7.0,30.0,0.0
90206A,1.0,0.0,0.0,7.0,30.0,0.0
90204,1.0,0.0,0.0,7.0,30.0,0.0
90129C,1.0,0.0,0.0,7.0,30.0,0.0
DOT,1.0,0.0,0.0,7.0,30.0,0.0
23664,1.0,0.0,0.0,7.0,30.0,0.0
90019C,1.0,0.0,0.0,7.0,30.0,0.0
85129B,1.0,0.0,0.0,7.0,30.0,0.0
21391,1.0,0.0,0.0,7.0,30.0,0.0
90026D,1.0,0.0,0.0,7.0,30.0,0.0
85095,1.0,0.0,0.0,7.0,30.0,0.0
21132,1.0,0.0,0.0,7.0,30.0,0.0
21352,1.0,0.0,0.0,7.0,30.0,0.0
22829,1.0,0.0,0.0,7.0,30.0,0.0
90081C,1.0,0.0,0.0,7.0,30.0,0.0
21331,1.0,0.0,0.0,7.0,30.0,0.0
90082A,1.0,0.0,0.0,7.0,30.0,0.0
90082B,1.0,0.0,0.0,7.0,30.0,0.0
84748,1.0,0.0,0.0,7.0,30.0,0.0
84687,1.0,0.0,0.0,7.0,30.0,0.0
90016B,1.0,0.0,0.0,7.0,30.0,0.0
21279,1.0,0.0,0.0,7.0,30.0,0.0
21041,1.0,0.0,0.0,7.0,30.0,0.0
90011A,1.0,0.0,0.0,7.0,30.0,0.0
22803,1.0,0.0,0.0,7.0,30.0,0.0
21628,1.0,0.0,0.0,7.0,30.0,0.0
47369B,1.0,0.0,0.0,7.0,30.0,0.0
23574,1.0,0.0,0.0,7.0,30.0,0.0
22885,1.0,0.0,0.0,7.0,30.0,0.0
22869,1.0,0.0,0.0,7.0,30.0,0.0
84711B,1.0,0.0,0.0,7.0,30.0,0.0
22281,1.0,0.0,0.0,7.0,30.0,0.0
20762,1.0,0.0,0.0,7.0,30.0,0.0
21407,1.0,0.0,0.0,7.0,30.0,0.0
23018,1.0,0.0,0.0,7.0,30.0,0.0
90014C,1.0,0.0,0.0,7.0,30.0,0.0
20619,1.0,0.0,0.0,7.0,30.0,0.0
72812,1.0,0.0,0.0,7.0,30.0,0.0
23140,1.0,0.0,0.0,7.0,30.0,0.0
23843,80995.0,0.0,0.0,566965.0,2429850.0,0.0
23015,2.0,0.0,0.0,14.0,60.0,0.0
22702,2.0,0.0,0.0,14.0,60.0,0.0
22859,12.0,0.0,0.0,84.0,360.0,0.0
16259,12.0,0.0,0.0,84.0,360.0,0.0
22717,12.0,0.0,0.0,84.0,360.0,0.0
21626,12.0,0.0,0.0,84.0,360.0,0.0
90214O,12.0,0.0,0.0,84.0,360.0,0.0
22025,12.0,0.0,0.0,84.0,360.0,0.0
90214B,12.0,0.0,0.0,84.0,360.0,0.0
84228,12.0,0.0,0.0,84.0,360.0,0.0
20835,12.0,0.0,0.0,84.0,360.0,0.0
22042,12.0,0.0,0.0,84.0,360.0,0.0
79030D,12.0,0.0,0.0,84.0,360.0,0.0
22032,12.0,0.0,0.0,84.0,360.0,0.0
84251G,12.0,0.0,0.0,84.0,360.0,0.0
23477,12.0,0.0,0.0,84.0,360.0,0.0
84457,12.0,0.0,0.0,84.0,360.0,0.0
90214Z,12.0,0.0,0.0,84.0,360.0,0.0
37462E,12.0,0.0,0.0,84.0,360.0,0.0
21456,12.0,0.0,0.0,84.0,360.0,0.0
90214U,12.0,0.0,0.0,84.0,360.0,0.0
21196,12.0,0.0,0.0,84.0,360.0,0.0
21884,12.0,0.0,0.0,84.0,360.0,0.0
21457,12.0,0.0,0.0,84.0,360.0,0.0
21458,12.0,0.0,0.0,84.0,360.0,0.0
21202,12.0,0.0,0.0,84.0,360.0,0.0
90085,12.0,0.0,0.0,84.0,360.0,0.0
84804A,12.0,0.0,0.0,84.0,360.0,0.0
90210C,10.0,0.0,0.0,70.0,300.0,0.0
90198A,10.0,0.0,0.0,70.0,300.0,0.0
21145,10.0,0.0,0.0,70.0,300.0,0.0
16015,10.0,0.0,0.0,70.0,300.0,0.0
46000U,10.0,0.0,0.0,70.0,300.0,0.0
90120C,10.0,0.0,0.0,70.0,300.0,0.0
79151B,10.0,0.0,0.0,70.0,300.0,0.0
90120B,10.0,0.0,0.0,70.0,300.0,0.0
21031,10.0,0.0,0.0,70.0,300.0,0.0
90160C,10.0,0.0,0.0,70.0,300.0,0.0
90210D,10.0,0.0,0.0,70.0,300.0,0.0
90160D,10.0,0.0,0.0,70.0,300.0,0.0
84805A,12.0,0.0,0.0,84.0,360.0,0.0
90210B,10.0,0.0,0.0,70.0,300.0,0.0
84801A,10.0,0.0,0.0,70.0,300.0,0.0
85194L,11.0,0.0,0.0,77.0,330.0,0.0
21562,12.0,0.0,0.0,84.0,360.0,0.0
90214W,12.0,0.0,0.0,84.0,360.0,0.0
22427,12.0,0.0,0.0,84.0,360.0,0.0
23449,12.0,0.0,0.0,84.0,360.0,0.0
90214V,12.0,0.0,0.0,84.0,360.0,0.0
23448,12.0,0.0,0.0,84.0,360.0,0.0
22718,12.0,0.0,0.0,84.0,360.0,0.0
90214T,12.0,0.0,0.0,84.0,360.0,0.0
22026,12.0,0.0,0.0,84.0,360.0,0.0
21369,12.0,0.0,0.0,84.0,360.0,0.0
16169M,25.0,0.0,0.0,175.0,750.0,0.0
22704,25.0,0.0,0.0,175.0,750.0,0.0
22050,25.0,0.0,0.0,175.0,750.0,0.0
22047,25.0,0.0,0.0,175.0,750.0,0.0
22705,25.0,0.0,0.0,175.0,750.0,0.0
16156L,25.0,0.0,0.0,175.0,750.0,0.0
21503,25.0,0.0,0.0,175.0,750.0,0.0
17084P,25.0,0.0,0.0,175.0,750.0,0.0
22706,25.0,0.0,0.0,175.0,750.0,0.0
22985,25.0,0.0,0.0,175.0,750.0,0.0
22040,25.0,0.0,0.0,175.0,750.0,0.0
23024,36.0,0.0,0.0,252.0,1080.0,0.0
23233,25.0,0.0,0.0,175.0,750.0,0.0
21845,36.0,0.0,0.0,252.0,1080.0,0.0
71495A,48.0,0.0,0.0,336.0,1440.0,0.0
71495B,48.0,0.0,0.0,336.0,1440.0,0.0
17084R,72.0,0.0,0.0,504.0,2160.0,0.0
35954,120.0,0.0,0.0,840.0,3600.0,0.0
23447,144.0,0.0,0.0,1008.0,4320.0,0.0
23055,144.0,0.0,0.0,1008.0,4320.0,0.0
23446,144.0,0.0,0.0,1008.0,4320.0,0.0
84598,288.0,0.0,0.0,2016.0,8640.0,0.0
84568,288.0,0.0,0.0,2016.0,8640.0,0.0
22051,25.0,0.0,0.0,175.0,750.0,0.0
23692,25.0,0.0,0.0,175.0,750.0,0.0
21580,12.0,0.0,0.0,84.0,360.0,0.0
22342,24.0,0.0,0.0,168.0,720.0,0.0
37327,16.0,0.0,0.0,112.0,480.0,0.0
22248,16.0,0.0,0.0,112.0,480.0,0.0
15060B,18.0,0.0,0.0,126.0,540.0,0.0
84926A,24.0,0.0,0.0,168.0,720.0,0.0
85230F,24.0,0.0,0.0,168.0,720.0,0.0
22968,24.0,0.0,0.0,168.0,720.0,0.0
21088,24.0,0.0,0.0,168.0,720.0,0.0
85230G,24.0,0.0,0.0,168.0,720.0,0.0
85230A,24.0,0.0,0.0,168.0,720.0,0.0
84806A,24.0,0.0,0.0,168.0,720.0,0.0
22709,25.0,0.0,0.0,175.0,750.0,0.0
16161P,25.0,0.0,0.0,175.0,750.0,0.0
22038,25.0,0.0,0.0,175.0,750.0,0.0
16161G,25.0,0.0,0.0,175.0,750.0,0.0
22707,25.0,0.0,0.0,175.0,750.0,0.0
22710,25.0,0.0,0.0,175.0,750.0,0.0
22048,25.0,0.0,0.0,175.0,750.0,0.0
23550,25.0,0.0,0.0,175.0,750.0,0.0
17084N,25.0,0.0,0.0,175.0,750.0,0.0
23549,25.0,0.0,0.0,175.0,750.0,0.0
23548,25.0,0.0,0.0,175.0,750.0,0.0
23547,25.0,0.0,0.0,175.0,750.0,0.0
17090A,9.0,0.0,0.0,63.0,270.0,0.0
21696,8.0,0.0,0.0,56.0,240.0,0.0
44089A,8.0,0.0,0.0,56.0,240.0,0.0
21376,2.0,0.0,0.0,14.0,60.0,0.0
22880,2.0,0.0,0.0,14.0,60.0,0.0
20670,2.0,0.0,0.0,14.0,60.0,0.0
21925,2.0,0.0,0.0,14.0,60.0,0.0
90151,2.0,0.0,0.0,14.0,60.0,0.0
22247,2.0,0.0,0.0,14.0,60.0,0.0
90103,2.0,0.0,0.0,14.0,60.0,0.0
90019A,2.0,0.0,0.0,14.0,60.0,0.0
90081A,2.0,0.0,0.0,14.0,60.0,0.0
16162M,2.0,0.0,0.0,14.0,60.0,0.0
22516,2.0,0.0,0.0,14.0,60.0,0.0
22322,2.0,0.0,0.0,14.0,60.0,0.0
22884,2.0,0.0,0.0,14.0,60.0,0.0
46138B,2.0,0.0,0.0,14.0,60.0,0.0
22268,2.0,0.0,0.0,14.0,60.0,0.0
22828,2.0,0.0,0.0,14.0,60.0,0.0
90161A,2.0,0.0,0.0,14.0,60.0,0.0
90175C,2.0,0.0,0.0,14.0,60.0,0.0
90101,2.0,0.0,0.0,14.0,60.0,0.0
23125,3.0,0.0,0.0,21.0,90.0,0.0
21054,3.0,0.0,0.0,21.0,90.0,0.0
85163B,3.0,0.0,0.0,21.0,90.0,0.0
21375,3.0,0.0,0.0,21.0,90.0,0.0
22881,2.0,0.0,0.0,14.0,60.0,0.0
84796A,2.0,0.0,0.0,14.0,60.0,0.0
23038,3.0,0.0,0.0,21.0,90.0,0.0
90022,2.0,0.0,0.0,14.0,60.0,0.0
21206,2.0,0.0,0.0,14.0,60.0,0.0
90023,2.0,0.0,0.0,14.0,60.0,0.0
90073,2.0,0.0,0.0,14.0,60.0,0.0
90192,2.0,0.0,0.0,14.0,60.0,0.0
47518F,2.0,0.0,0.0,14.0,60.0,0.0
23410,2.0,0.0,0.0,14.0,60.0,0.0
84673A,2.0,0.0,0.0,14.0,60.0,0.0
84658,2.0,0.0,0.0,14.0,60.0,0.0
72811,2.0,0.0,0.0,14.0,60.0,0.0
20821,2.0,0.0,0.0,14.0,60.0,0.0
23054,2.0,0.0,0.0,14.0,60.0,0.0
22889,2.0,0.0,0.0,14.0,60.0,0.0
35651,2.0,0.0,0.0,14.0,60.0,0.0
46776B,2.0,0.0,0.0,14.0,60.0,0.0
46776E,2.0,0.0,0.0,14.0,60.0,0.0
46776C,2.0,0.0,0.0,14.0,60.0,0.0
46000R,2.0,0.0,0.0,14.0,60.0,0.0
82011A,2.0,0.0,0.0,14.0,60.0,0.0
17191A,2.0,0.0,0.0,14.0,60.0,0.0
22611,2.0,0.0,0.0,14.0,60.0,0.0
15058A,2.0,0.0,0.0,14.0,60.0,0.0
84712B,2.0,0.0,0.0,14.0,60.0,0.0
35443,3.0,0.0,0.0,21.0,90.0,0.0
22249,3.0,0.0,0.0,21.0,90.0,0.0
21128,8.0,0.0,0.0,56.0,240.0,0.0
90012B,6.0,0.0,0.0,42.0,180.0,0.0
90157,5.0,0.0,0.0,35.0,150.0,0.0
90096,5.0,0.0,0.0,35.0,150.0,0.0
90133,5.0,0.0,0.0,35.0,150.0,0.0
84206B,5.0,0.0,0.0,35.0,150.0,0.0
90030A,6.0,0.0,0.0,42.0,180.0,0.0
22967,6.0,0.0,0.0,42.0,180.0,0.0
21688,6.0,0.0,0.0,42.0,180.0,0.0
90031,6.0,0.0,0.0,42.0,180.0,0.0
22715,6.0,0.0,0.0,42.0,180.0,0.0
84592,6.0,0.0,0.0,42.0,180.0,0.0
72801G,6.0,0.0,0.0,42.0,180.0,0.0
20796,4.0,0.0,0.0,28.0,120.0,0.0
21695,6.0,0.0,0.0,42.0,180.0,0.0
90067A,6.0,0.0,0.0,42.0,180.0,0.0
90030B,6.0,0.0,0.0,42.0,180.0,0.0
90125B,6.0,0.0,0.0,42.0,180.0,0.0
22860,6.0,0.0,0.0,42.0,180.0,0.0
90201B,6.0,0.0,0.0,42.0,180.0,0.0
47586A,6.0,0.0,0.0,42.0,180.0,0.0
23519,6.0,0.0,0.0,42.0,180.0,0.0
21280,6.0,0.0,0.0,42.0,180.0,0.0
90030C,6.0,0.0,0.0,42.0,180.0,0.0
85127,5.0,0.0,0.0,35.0,150.0,0.0
72783,4.0,0.0,0.0,28.0,120.0,0.0
21281,3.0,0.0,0.0,21.0,90.0,0.0
22823,4.0,0.0,0.0,28.0,120.0,0.0
22223,3.0,0.0,0.0,21.0,90.0,0.0
72801D,3.0,0.0,0.0,21.0,90.0,0.0
21633,3.0,0.0,0.0,21.0,90.0,0.0
84206C,3.0,0.0,0.0,21.0,90.0,0.0
72801C,3.0,0.0,0.0,21.0,90.0,0.0
21413,4.0,0.0,0.0,28.0,120.0,0.0
84679,4.0,0.0,0.0,28.0,120.0,0.0
85187,4.0,0.0,0.0,28.0,120.0,0.0
47504K,4.0,0.0,0.0,28.0,120.0,0.0
46776F,4.0,0.0,0.0,28.0,120.0,0.0
21027,4.0,0.0,0.0,28.0,120.0,0.0
47341B,4.0,0.0,0.0,28.0,120.0,0.0
37495,4.0,0.0,0.0,28.0,120.0,0.0
22125,4.0,0.0,0.0,28.0,120.0,0.0
22412,4.0,0.0,0.0,28.0,120.0,0.0
35819P,4.0,0.0,0.0,28.0,120.0,0.0
35924,4.0,0.0,0.0,28.0,120.0,0.0
90013A,4.0,0.0,0.0,28.0,120.0,0.0
47585A,4.0,0.0,0.0,28.0,120.0,0.0
72369A,4.0,0.0,0.0,28.0,120.0,0.0
72709,4.0,0.0,0.0,28.0,120.0,0.0
84341B,4.0,0.0,0.0,28.0,120.0,0.0
35598C,1.0,0.0,0.0,7.0,30.0,0.0
